timestamp,press_cruda,press,temperature_c,humidity_rh,temperature_c_2,humidity_rh_cruda
2026-05-29T14:54:22.304947,0,805.5311355311355,17.79,66.04962583694368,17.88
2026-05-29T14:54:23.307174,0,805.5311355311355,17.79,66.04962583694368,17.88
2026-05-29T14:54:24.309473,0,805.5311355311355,17.79,66.04962583694368,17.88
2026-05-29T14:54:25.312030,0,805.5311355311355,17.79,66.04962583694368,17.88
2026-05-29T14:54:26.313861,0,805.5311355311355,17.79,66.04962583694368,17.88
2026-05-29T14:54:27.316149,0,805.5311355311355,17.79,66.04962583694368,17.88
2026-05-29T14:54:28.318558,0,805.5311355311355,17.79,66.04962583694368,17.88
2026-05-29T14:54:29.322820,0,805.5311355311355,17.79,66.04962583694368,17.88
2026-05-29T14:54:30.325803,0,805.5311355311355,17.79,66.04962583694368,17.88
2026-05-29T14:54:31.327823,0,805.5311355311355,17.79,66.04962583694368,17.88
2026-05-29T14:54:32.330069,0,805.5311355311355,17.79,66.04962583694368,17.88
2026-05-29T14:54:33.331614,0,805.5311355311355,17.79,66.04962583694368,17.88
2026-05-29T14:54:34.333793,0,805.5311355311355,17.79,66.04962583694368,17.88
2026-05-29T14:54:35.335952,0,805.5311355311355,17.79,66.04962583694368,17.88
2026-05-29T14:54:36.338469,0,805.5311355311355,17.79,66.04962583694368,17.88
2026-05-29T14:54:37.340662,0,805.5311355311355,17.79,66.04962583694368,17.88
2026-05-29T14:54:38.342273,0,805.5311355311355,17.79,66.04962583694368,17.88
2026-05-29T14:54:39.344861,0,805.5311355311355,17.79,66.04962583694368,17.88
2026-05-29T14:54:40.346689,0,805.5311355311355,17.79,66.04962583694368,17.88
2026-05-29T14:54:41.349376,0,805.5311355311355,17.79,66.04962583694368,17.88
2026-05-29T14:54:42.352027,0,805.5311355311355,17.79,66.04962583694368,17.88
2026-05-29T14:54:43.354526,0,805.5311355311355,17.79,66.04962583694368,17.88
2026-05-29T14:54:44.357037,0,805.5311355311355,17.79,66.04962583694368,17.88
2026-05-29T14:54:45.359557,0,805.5311355311355,17.79,66.04962583694368,17.88
2026-05-29T14:54:46.361898,0,805.5311355311355,17.79,66.04962583694368,17.88
2026-05-29T14:54:47.364006,0,805.5311355311355,17.79,66.04962583694368,17.88
2026-05-29T14:54:48.366101,0,805.5311355311355,17.79,66.04962583694368,17.88
2026-05-29T14:54:49.368499,0,805.5311355311355,17.79,66.04962583694368,17.88
2026-05-29T14:54:50.370924,0,805.5311355311355,17.79,66.04962583694368,17.88
2026-05-29T14:54:51.372682,0,805.5311355311355,17.79,66.04962583694368,17.88
2026-05-29T14:54:52.375246,0,805.5311355311355,17.79,66.04962583694368,17.88
2026-05-29T14:54:53.377494,0,805.5311355311355,17.79,66.04962583694368,17.88
2026-05-29T14:54:54.379227,0,805.5311355311355,17.79,66.04962583694368,17.88
2026-05-29T14:54:55.381853,0,805.5311355311355,17.79,66.04962583694368,17.88
2026-05-29T14:54:56.383582,0,805.5311355311355,17.79,66.04962583694368,17.88
2026-05-29T14:54:57.389485,0,805.5311355311355,17.79,66.04962583694368,17.88
2026-05-29T14:54:58.391861,0,805.5311355311355,17.79,66.04962583694368,17.88
2026-05-29T14:54:59.394142,0,805.5311355311355,17.79,66.04962583694368,17.88
2026-05-29T14:55:00.396607,0,805.5311355311355,17.79,66.04962583694368,17.88
2026-05-29T14:55:01.398937,0,805.5311355311355,17.79,66.04962583694368,17.88
2026-05-29T14:55:02.400538,0,805.5311355311355,17.79,66.04962583694368,17.88
2026-05-29T14:55:03.403137,0,805.5311355311355,17.79,66.04962583694368,17.88
2026-05-29T14:55:04.405548,0,805.5311355311355,17.79,66.04962583694368,17.88
2026-05-29T14:55:05.407175,0,805.5311355311355,17.79,66.04962583694368,17.88
2026-05-29T14:55:06.408884,0,805.5311355311355,17.79,66.04962583694368,17.88
2026-05-29T14:55:07.410687,0,805.5311355311355,17.79,66.04962583694368,17.88
2026-05-29T14:55:08.412852,0,805.5311355311355,17.79,66.04962583694368,17.88
2026-05-29T14:55:09.437538,0,805.5311355311355,17.79,66.04962583694368,17.88
2026-05-29T14:55:10.462723,0,805.5311355311355,17.79,66.04962583694368,17.88
2026-05-29T14:55:11.464460,0,805.5311355311355,17.79,66.04962583694368,17.88
2026-05-29T14:55:12.466314,0,805.5311355311355,17.79,66.04962583694368,17.88
2026-05-29T14:55:13.467855,0,805.5311355311355,17.79,66.04962583694368,17.88
2026-05-29T14:55:14.469728,0,805.5311355311355,17.79,66.04962583694368,17.88
2026-05-29T14:55:15.471642,0,805.5311355311355,17.79,66.04962583694368,17.88
2026-05-29T14:55:16.473612,0,805.5311355311355,17.79,66.04962583694368,17.88
2026-05-29T14:55:17.475662,0,805.5311355311355,17.79,66.04962583694368,17.88
2026-05-29T14:55:18.477465,0,805.5311355311355,17.79,66.04962583694368,17.88
2026-05-29T14:55:19.479572,0,805.5311355311355,17.79,66.04962583694368,17.88
2026-05-29T14:55:20.482175,0,805.5311355311355,17.79,66.04962583694368,17.88
2026-05-29T14:55:21.484644,0,805.5311355311355,17.79,66.04962583694368,17.88
2026-05-29T14:55:22.486338,0,805.5311355311355,17.79,66.04962583694368,17.88
2026-05-29T14:55:23.488153,0,805.5311355311355,17.79,66.04962583694368,17.88
2026-05-29T14:55:24.490674,0,805.5311355311355,17.79,66.04962583694368,17.88
2026-05-29T14:55:25.492903,0,805.5311355311355,17.79,66.04962583694368,17.88
2026-05-29T14:55:26.501189,0,805.5311355311355,17.79,66.04962583694368,17.88
2026-05-29T14:55:27.503849,0,805.5311355311355,17.79,66.04962583694368,17.88
2026-05-29T14:55:28.505989,0,805.5311355311355,17.79,66.04962583694368,17.88
2026-05-29T14:55:29.508394,0,805.5311355311355,17.79,66.04962583694368,17.88
2026-05-29T14:55:30.510214,0,805.5311355311355,17.79,66.04962583694368,17.88
2026-05-29T14:55:31.512012,0,805.5311355311355,17.79,66.04962583694368,17.88
2026-05-29T14:55:32.513681,0,805.5311355311355,17.79,66.04962583694368,17.88
2026-05-29T14:55:33.516576,0,805.5311355311355,17.79,66.04962583694368,17.88
2026-05-29T14:55:34.518978,0,805.5311355311355,17.79,66.04962583694368,17.88
2026-05-29T14:55:35.557530,0,805.5311355311355,17.79,66.04962583694368,17.88
2026-05-29T14:55:36.563728,0,805.5311355311355,17.79,66.04962583694368,17.88
2026-05-29T14:55:37.565772,0,805.5311355311355,17.79,66.04962583694368,17.88
2026-05-29T14:55:38.567739,0,805.5311355311355,17.79,66.04962583694368,17.88
2026-05-29T14:55:39.569891,0,805.5311355311355,17.79,66.04962583694368,17.88
2026-05-29T14:55:40.572739,0,805.5311355311355,17.79,66.04962583694368,17.88
2026-05-29T14:55:41.575193,0,805.5311355311355,17.79,66.04962583694368,17.88
2026-05-29T14:55:42.578729,0,805.5311355311355,17.79,66.04962583694368,17.88
2026-05-29T14:55:43.580619,0,805.5311355311355,17.79,66.04962583694368,17.88
2026-05-29T14:55:44.583298,0,805.5311355311355,17.79,66.04962583694368,17.88
2026-05-29T14:55:45.585092,0,805.5311355311355,17.79,66.04962583694368,17.88
2026-05-29T14:55:46.589024,0,805.5311355311355,17.79,66.04962583694368,17.88
2026-05-29T14:55:47.590990,0,805.5311355311355,17.79,66.04962583694368,17.88
2026-05-29T14:55:48.593461,0,805.5311355311355,17.79,66.04962583694368,17.88
2026-05-29T14:55:49.595456,0,805.5311355311355,17.79,66.04962583694368,17.88
2026-05-29T14:55:50.597370,0,805.5311355311355,17.79,66.04962583694368,17.88
2026-05-29T14:55:51.599358,0,805.5311355311355,17.79,66.04962583694368,17.88
2026-05-29T14:55:52.603206,0,805.5311355311355,17.79,66.04962583694368,17.88
2026-05-29T14:55:53.604771,0,805.5311355311355,17.79,66.04962583694368,17.88
2026-05-29T14:55:54.606142,0,805.5311355311355,17.79,66.04962583694368,17.88
2026-05-29T14:55:55.607957,0,805.5311355311355,17.79,66.04962583694368,17.88
2026-05-29T14:55:56.610470,0,805.5311355311355,17.79,66.04962583694368,17.88
2026-05-29T14:55:57.613266,0,805.5311355311355,17.79,66.04962583694368,17.88
2026-05-29T14:55:58.616240,0,805.5311355311355,17.79,66.04962583694368,17.88
2026-05-29T14:55:59.619220,0,805.5311355311355,17.79,66.04962583694368,17.88
2026-05-29T14:56:00.623107,0,805.5311355311355,17.79,66.04962583694368,17.88
2026-05-29T14:56:01.626057,0,805.5311355311355,17.79,66.04962583694368,17.88
2026-05-29T14:56:02.628014,0,805.5311355311355,17.79,66.04962583694368,17.88
2026-05-29T14:56:03.629976,0,805.5311355311355,17.79,66.04962583694368,17.88
2026-05-29T14:56:04.631883,0,805.5311355311355,17.79,66.04962583694368,17.88
2026-05-29T14:56:05.634955,0,805.5311355311355,17.79,66.04962583694368,17.88
2026-05-29T14:56:06.636983,0,805.5311355311355,17.79,66.04962583694368,17.88
2026-05-29T14:56:07.639892,0,805.5311355311355,17.79,66.04962583694368,17.88
2026-05-29T14:56:08.642394,0,805.5311355311355,17.79,66.04962583694368,17.88
2026-05-29T14:56:09.644463,0,805.5311355311355,17.79,66.04962583694368,17.88
2026-05-29T14:56:10.647068,0,805.5311355311355,17.79,66.04962583694368,17.88
2026-05-29T14:56:11.649132,0,805.5311355311355,17.79,66.04962583694368,17.88
2026-05-29T14:56:12.650876,0,805.5311355311355,17.79,66.04962583694368,17.88
2026-05-29T14:56:13.652544,0,805.5311355311355,17.79,66.04962583694368,17.88
2026-05-29T14:56:14.655019,0,805.5311355311355,17.79,66.04962583694368,17.88
2026-05-29T14:56:15.664955,0,805.5311355311355,17.79,66.04962583694368,17.88
2026-05-29T14:56:16.667043,0,805.5311355311355,17.79,66.04962583694368,17.88
2026-05-29T14:56:17.673644,0,805.5311355311355,17.79,66.04962583694368,17.88
2026-05-29T14:56:18.680084,0,805.5311355311355,17.79,66.04962583694368,17.88
2026-05-29T14:56:19.682089,0,805.5311355311355,17.79,66.04962583694368,17.88
2026-05-29T14:56:20.685027,0,805.5311355311355,17.79,66.04962583694368,17.88
2026-05-29T14:56:21.687955,0,805.5311355311355,17.79,66.04962583694368,17.88
2026-05-29T14:56:22.693953,0,805.5311355311355,17.79,66.04962583694368,17.88
2026-05-29T14:56:23.696209,0,805.5311355311355,17.79,66.04962583694368,17.88
2026-05-29T14:56:24.699474,0,805.5311355311355,17.79,66.04962583694368,17.88
2026-05-29T14:56:25.702780,0,805.5311355311355,17.79,66.04962583694368,17.88
2026-05-29T14:56:26.705682,0,805.5311355311355,17.79,66.04962583694368,17.88
2026-05-29T14:56:27.733376,0,805.5311355311355,17.79,66.04962583694368,17.88
2026-05-29T14:56:28.769248,0,805.5311355311355,17.79,66.04962583694368,17.88
2026-05-29T14:56:29.771276,0,805.5311355311355,17.79,66.04962583694368,17.88
2026-05-29T14:56:30.775221,0,805.5311355311355,17.79,66.04962583694368,17.88
2026-05-29T14:56:31.777119,0,805.5311355311355,17.79,66.04962583694368,17.88
2026-05-29T14:56:32.779109,0,805.5311355311355,17.79,66.04962583694368,17.88
2026-05-29T14:56:33.781262,0,805.5311355311355,17.79,66.04962583694368,17.88
2026-05-29T14:56:34.783191,0,805.5311355311355,17.79,66.04962583694368,17.88
2026-05-29T14:56:35.785163,0,805.5311355311355,17.79,66.04962583694368,17.88
2026-05-29T14:56:36.787098,0,805.5311355311355,17.79,66.04962583694368,17.88
2026-05-29T14:56:37.788669,0,805.5311355311355,17.79,66.04962583694368,17.88
2026-05-29T14:56:38.791888,0,805.5311355311355,17.79,66.04962583694368,17.88
2026-05-29T14:56:39.794279,0,805.5311355311355,17.79,66.04962583694368,17.88
2026-05-29T14:56:40.798501,0,805.5311355311355,17.79,66.04962583694368,17.88
2026-05-29T14:56:41.800453,0,805.5311355311355,17.79,66.04962583694368,17.88
2026-05-29T14:56:42.802720,0,805.5311355311355,17.79,66.04962583694368,17.88
2026-05-29T14:56:43.805262,0,805.5311355311355,17.79,66.04962583694368,17.88
2026-05-29T14:56:44.807000,0,805.5311355311355,17.79,66.04962583694368,17.88
2026-05-29T14:56:45.810142,0,805.5311355311355,17.79,66.04962583694368,17.88
2026-05-29T14:56:46.812014,0,805.5311355311355,17.79,66.04962583694368,17.88
2026-05-29T14:56:47.814935,0,805.5311355311355,17.79,66.04962583694368,17.88
2026-05-29T14:56:48.816874,0,805.5311355311355,17.79,66.04962583694368,17.88
2026-05-29T14:56:49.818836,0,805.5311355311355,17.79,66.04962583694368,17.88
2026-05-29T14:56:50.821050,0,805.5311355311355,17.79,66.04962583694368,17.88
2026-05-29T14:56:51.823737,0,805.5311355311355,17.79,66.04962583694368,17.88
2026-05-29T14:56:52.825743,0,805.5311355311355,17.79,66.04962583694368,17.88
2026-05-29T14:56:53.827685,0,805.5311355311355,17.79,66.04962583694368,17.88
2026-05-29T14:56:54.829699,0,805.5311355311355,17.79,66.04962583694368,17.88
2026-05-29T14:56:55.831748,0,805.5311355311355,17.79,66.04962583694368,17.88
2026-05-29T14:56:56.833392,0,805.5311355311355,17.79,66.04962583694368,17.88
2026-05-29T14:56:57.836614,0,805.5311355311355,17.79,66.04962583694368,17.88
2026-05-29T14:56:58.838670,0,805.5311355311355,17.79,66.04962583694368,17.88
2026-05-29T14:56:59.841735,0,805.5311355311355,17.79,66.04962583694368,17.88
2026-05-29T14:57:00.844083,0,805.5311355311355,17.79,66.04962583694368,17.88
2026-05-29T14:57:01.846553,0,805.5311355311355,17.79,66.04962583694368,17.88
2026-05-29T14:57:02.848352,0,805.5311355311355,17.79,66.04962583694368,17.88
2026-05-29T14:57:03.850483,0,805.5311355311355,17.79,66.04962583694368,17.88
2026-05-29T14:57:04.852494,0,805.5311355311355,17.79,66.04962583694368,17.88
2026-05-29T14:57:05.855133,0,805.5311355311355,17.79,66.04962583694368,17.88
2026-05-29T14:57:06.857937,0,805.5311355311355,17.79,66.04962583694368,17.88
2026-05-29T14:57:07.860589,0,805.5311355311355,17.79,66.04962583694368,17.88
2026-05-29T14:57:08.862347,0,805.5311355311355,17.79,66.04962583694368,17.88
2026-05-29T14:57:09.864264,0,805.5311355311355,17.79,66.04962583694368,17.88
2026-05-29T14:57:10.866561,0,805.5311355311355,17.79,66.04962583694368,17.88
2026-05-29T14:57:11.868859,0,805.5311355311355,17.79,66.04962583694368,17.88
2026-05-29T14:57:12.885204,0,805.5311355311355,17.79,66.04962583694368,17.88
2026-05-29T14:57:13.955692,0,805.5311355311355,17.79,66.04962583694368,17.88
2026-05-29T14:57:15.030885,0,805.5311355311355,17.79,66.04962583694368,17.88
2026-05-29T14:57:16.033361,0,805.5311355311355,17.79,66.04962583694368,17.88
2026-05-29T14:57:17.035607,0,805.5311355311355,17.79,66.04962583694368,17.88
2026-05-29T14:57:18.037296,0,805.5311355311355,17.79,66.04962583694368,17.88
2026-05-29T14:57:19.039352,0,805.5311355311355,17.79,66.04962583694368,17.88
2026-05-29T14:57:20.041614,0,805.5311355311355,17.79,66.04962583694368,17.88
2026-05-29T14:57:21.044127,0,805.5311355311355,17.79,66.04962583694368,17.88
2026-05-29T14:57:22.047788,0,805.5311355311355,17.79,66.04962583694368,17.88
2026-05-29T14:57:23.050110,0,805.5311355311355,17.79,66.04962583694368,17.88
2026-05-29T14:57:24.052915,0,805.5311355311355,17.79,66.04962583694368,17.88
2026-05-29T14:57:25.055556,0,805.5311355311355,17.79,66.04962583694368,17.88
2026-05-29T14:57:26.058136,0,805.5311355311355,17.79,66.04962583694368,17.88
2026-05-29T14:57:27.060259,0,805.5311355311355,17.79,66.04962583694368,17.88
2026-05-29T14:57:28.062027,0,805.5311355311355,17.79,66.04962583694368,17.88
2026-05-29T14:57:29.064328,0,805.5311355311355,17.79,66.04962583694368,17.88
2026-05-29T14:57:30.067119,0,805.5311355311355,17.79,66.04962583694368,17.88
2026-05-29T14:57:31.070345,0,805.5311355311355,17.79,66.04962583694368,17.88
2026-05-29T14:57:32.072638,0,805.5311355311355,17.79,66.04962583694368,17.88
2026-05-29T14:57:33.074306,0,805.5311355311355,17.79,66.04962583694368,17.88
2026-05-29T14:57:34.076901,0,805.5311355311355,17.79,66.04962583694368,17.88
2026-05-29T14:57:35.080085,0,805.5311355311355,17.79,66.04962583694368,17.88
2026-05-29T14:57:36.082968,0,805.5311355311355,17.79,66.04962583694368,17.88
2026-05-29T14:57:37.085182,0,805.5311355311355,17.79,66.04962583694368,17.88
2026-05-29T14:57:38.088080,0,805.5311355311355,17.79,66.04962583694368,17.88
2026-05-29T14:57:39.090586,0,805.5311355311355,17.79,66.04962583694368,17.88
2026-05-29T14:57:40.093207,0,805.5311355311355,17.79,66.04962583694368,17.88
2026-05-29T14:57:41.095132,0,805.5311355311355,17.79,66.04962583694368,17.88
2026-05-29T14:57:42.098025,0,805.5311355311355,17.79,66.04962583694368,17.88
2026-05-29T14:57:43.100388,0,805.5311355311355,17.79,66.04962583694368,17.88
2026-05-29T14:57:44.102302,0,805.5311355311355,17.79,66.04962583694368,17.88
2026-05-29T14:57:45.107238,0,805.5311355311355,17.79,66.04962583694368,17.88
2026-05-29T14:57:46.109423,0,805.5311355311355,17.79,66.04962583694368,17.88
2026-05-29T14:57:47.112246,0,805.5311355311355,17.79,66.04962583694368,17.88
2026-05-29T14:57:48.114977,0,805.5311355311355,17.79,66.04962583694368,17.88
2026-05-29T14:57:49.117117,0,805.5311355311355,17.79,66.04962583694368,17.88
2026-05-29T14:57:50.121000,0,805.5311355311355,17.79,66.04962583694368,17.88
2026-05-29T14:57:51.122959,0,805.5311355311355,17.79,66.04962583694368,17.88
2026-05-29T14:57:52.125792,0,805.5311355311355,17.79,66.04962583694368,17.88
2026-05-29T14:57:53.128521,0,805.5311355311355,17.79,66.04962583694368,17.88
2026-05-29T14:57:54.131543,0,805.5311355311355,17.79,66.04962583694368,17.88
2026-05-29T14:57:55.134179,0,805.5311355311355,17.79,66.04962583694368,17.88
2026-05-29T14:57:56.136119,0,805.5311355311355,17.79,66.04962583694368,17.88
2026-05-29T14:57:57.138599,0,805.5311355311355,17.79,66.04962583694368,17.88
2026-05-29T14:57:58.140910,0,805.5311355311355,17.79,66.04962583694368,17.88
2026-05-29T14:57:59.142520,0,805.5311355311355,17.79,66.04962583694368,17.88
2026-05-29T14:58:00.144056,0,805.5311355311355,17.79,66.04962583694368,17.88
2026-05-29T14:58:01.155695,0,805.5311355311355,17.79,66.04962583694368,17.88
2026-05-29T14:58:02.159497,0,805.5311355311355,17.79,66.04962583694368,17.88
2026-05-29T14:58:03.212686,0,805.5311355311355,17.79,66.04962583694368,17.88
2026-05-29T14:58:04.214874,0,805.5311355311355,17.79,66.04962583694368,17.88
2026-05-29T14:58:05.216801,0,805.5311355311355,17.79,66.04962583694368,17.88
2026-05-29T14:58:06.219112,0,805.5311355311355,17.79,66.04962583694368,17.88
2026-05-29T14:58:07.222389,0,805.5311355311355,17.79,66.04962583694368,17.88
2026-05-29T14:58:08.236102,0,805.5311355311355,17.79,66.04962583694368,17.88
2026-05-29T14:58:09.239040,0,805.5311355311355,17.79,66.04962583694368,17.88
2026-05-29T14:58:10.241354,0,805.5311355311355,17.79,66.04962583694368,17.88
2026-05-29T14:58:11.245418,0,805.5311355311355,17.79,66.04962583694368,17.88
2026-05-29T14:58:12.247849,0,805.5311355311355,17.79,66.04962583694368,17.88
2026-05-29T14:58:13.250069,0,805.5311355311355,17.79,66.04962583694368,17.88
2026-05-29T14:58:14.252496,0,805.5311355311355,17.79,66.04962583694368,17.88
2026-05-29T14:58:15.254302,0,805.5311355311355,17.79,66.04962583694368,17.88
2026-05-29T14:58:16.255867,0,805.5311355311355,17.79,66.04962583694368,17.88
2026-05-29T14:58:17.257533,0,805.5311355311355,17.79,66.04962583694368,17.88
2026-05-29T14:58:18.259259,0,805.5311355311355,17.79,66.04962583694368,17.88
2026-05-29T14:58:19.260839,0,805.5311355311355,17.79,66.04962583694368,17.88
2026-05-29T14:58:20.263027,0,805.5311355311355,17.79,66.04962583694368,17.88
2026-05-29T14:58:21.266221,0,805.5311355311355,17.79,66.04962583694368,17.88
2026-05-29T14:58:22.269279,0,805.5311355311355,17.79,66.04962583694368,17.88
2026-05-29T14:58:23.271776,0,805.5311355311355,17.79,66.04962583694368,17.88
2026-05-29T14:58:24.275418,0,805.5311355311355,17.79,66.04962583694368,17.88
2026-05-29T14:58:25.277431,0,805.5311355311355,17.79,66.04962583694368,17.88
2026-05-29T14:58:26.278892,0,805.5311355311355,17.79,66.04962583694368,17.88
2026-05-29T14:58:27.280305,0,805.5311355311355,17.79,66.04962583694368,17.88
2026-05-29T14:58:28.282814,0,805.5311355311355,17.79,66.04962583694368,17.88
2026-05-29T14:58:29.285110,0,805.5311355311355,17.79,66.04962583694368,17.88
2026-05-29T14:58:30.287850,0,805.5311355311355,17.79,66.04962583694368,17.88
2026-05-29T14:58:31.289960,0,805.5311355311355,17.79,66.04962583694368,17.88
2026-05-29T14:58:32.291868,0,805.5311355311355,17.79,66.04962583694368,17.88
2026-05-29T14:58:33.293993,0,805.5311355311355,17.79,66.04962583694368,17.88
2026-05-29T14:58:34.296330,0,805.5311355311355,17.79,66.04962583694368,17.88
2026-05-29T14:58:35.298583,0,805.5311355311355,17.79,66.04962583694368,17.88
2026-05-29T14:58:36.300782,0,805.5311355311355,17.79,66.04962583694368,17.88
2026-05-29T14:58:37.303448,0,805.5311355311355,17.79,66.04962583694368,17.88
2026-05-29T14:58:38.305936,0,805.5311355311355,17.79,66.04962583694368,17.88
2026-05-29T14:58:39.309179,0,805.5311355311355,17.79,66.04962583694368,17.88
2026-05-29T14:58:40.311387,0,805.5311355311355,17.79,66.04962583694368,17.88
2026-05-29T14:58:41.313170,0,805.5311355311355,17.79,66.04962583694368,17.88
2026-05-29T14:58:42.315830,0,805.5311355311355,17.79,66.04962583694368,17.88
2026-05-29T14:58:43.317599,0,805.5311355311355,17.79,66.04962583694368,17.88
2026-05-29T14:58:44.320013,0,805.5311355311355,17.79,66.04962583694368,17.88
2026-05-29T14:58:45.322088,0,805.5311355311355,17.79,66.04962583694368,17.88
2026-05-29T14:58:46.324735,0,805.5311355311355,17.79,66.04962583694368,17.88
2026-05-29T14:58:47.326741,0,805.5311355311355,17.79,66.04962583694368,17.88
2026-05-29T14:58:48.328973,0,805.5311355311355,17.79,66.04962583694368,17.88
2026-05-29T14:58:49.332835,0,805.5311355311355,17.79,66.04962583694368,17.88
2026-05-29T14:58:50.344140,0,805.5311355311355,17.79,66.04962583694368,17.88
2026-05-29T14:58:51.345913,0,805.5311355311355,17.79,66.04962583694368,17.88
2026-05-29T14:58:52.347700,0,805.5311355311355,17.79,66.04962583694368,17.88
2026-05-29T15:01:05.208866,0,805.5311355311355,17.79,66.04962583694368,17.88
2026-05-29T15:01:06.211504,0,805.5311355311355,17.79,66.04962583694368,17.88
2026-05-29T15:01:07.213978,0,805.5311355311355,17.79,66.04962583694368,17.88
2026-05-29T15:01:08.216470,0,805.5311355311355,17.79,66.04962583694368,17.88
2026-05-29T15:01:09.218200,0,805.5311355311355,17.79,66.04962583694368,17.88
2026-05-29T15:01:10.219837,0,805.5311355311355,17.79,66.04962583694368,17.88
2026-05-29T15:01:11.222247,0,805.5311355311355,17.79,66.04962583694368,17.88
2026-05-29T15:01:12.223851,0,805.5311355311355,17.79,66.04962583694368,17.88
2026-05-29T15:01:13.226699,0,805.5311355311355,17.79,66.04962583694368,17.88
2026-05-29T15:01:14.228871,0,805.5311355311355,17.79,66.04962583694368,17.88
2026-05-29T15:01:15.230933,0,805.5311355311355,17.79,66.04962583694368,17.88
2026-05-29T15:01:16.232810,0,805.5311355311355,17.79,66.04962583694368,17.88
2026-05-29T15:01:17.235091,0,805.5311355311355,17.79,66.04962583694368,17.88
2026-05-29T15:01:18.237620,0,805.5311355311355,17.79,66.04962583694368,17.88
2026-05-29T15:01:19.239417,0,805.5311355311355,17.79,66.04962583694368,17.88
2026-05-29T15:01:20.241296,0,805.5311355311355,17.79,66.04962583694368,17.88
2026-05-29T15:01:21.243736,0,805.5311355311355,17.79,66.04962583694368,17.88
2026-05-29T15:01:22.246104,0,805.5311355311355,17.79,66.04962583694368,17.88
2026-05-29T15:01:23.247888,0,805.5311355311355,17.79,66.04962583694368,17.88
2026-05-29T15:01:24.249797,0,805.5311355311355,17.79,66.04962583694368,17.88
2026-05-29T15:01:25.251624,0,805.5311355311355,17.79,66.04962583694368,17.88
2026-05-29T15:01:26.253919,0,805.5311355311355,17.79,66.04962583694368,17.88
2026-05-29T15:01:27.255771,0,805.5311355311355,17.79,66.04962583694368,17.88
2026-05-29T15:01:28.258356,0,805.5311355311355,17.79,66.04962583694368,17.88
2026-05-29T15:01:29.260977,0,805.5311355311355,17.79,66.04962583694368,17.88
2026-05-29T15:01:30.263298,0,805.5311355311355,17.79,66.04962583694368,17.88
2026-05-29T15:01:31.265320,0,805.5311355311355,17.79,66.04962583694368,17.88
2026-05-29T15:01:32.267003,0,805.5311355311355,17.79,66.04962583694368,17.88
2026-05-29T15:01:33.268722,0,805.5311355311355,17.79,66.04962583694368,17.88
2026-05-29T15:01:34.271453,0,805.5311355311355,17.79,66.04962583694368,17.88
2026-05-29T15:01:35.273792,0,805.5311355311355,17.79,66.04962583694368,17.88
2026-05-29T15:01:36.275792,0,805.5311355311355,17.79,66.04962583694368,17.88
2026-05-29T15:01:37.277636,0,805.5311355311355,17.79,66.04962583694368,17.88
2026-05-29T15:01:38.279370,0,805.5311355311355,17.79,66.04962583694368,17.88
2026-05-29T15:01:39.281675,0,805.5311355311355,17.79,66.04962583694368,17.88
2026-05-29T15:01:40.284179,0,805.5311355311355,17.79,66.04962583694368,17.88
2026-05-29T15:01:41.286035,0,805.5311355311355,17.79,66.04962583694368,17.88
2026-05-29T15:01:42.288423,0,805.5311355311355,17.79,66.04962583694368,17.88
2026-05-29T15:01:43.290630,0,805.5311355311355,17.79,66.04962583694368,17.88
2026-05-29T15:01:44.292793,0,805.5311355311355,17.79,66.04962583694368,17.88
2026-05-29T15:01:45.294663,0,805.5311355311355,17.79,66.04962583694368,17.88
2026-05-29T15:01:46.296629,0,805.5311355311355,17.79,66.04962583694368,17.88
2026-05-29T15:01:47.299124,0,805.5311355311355,17.79,66.04962583694368,17.88
2026-05-29T15:01:48.301452,0,805.5311355311355,17.79,66.04962583694368,17.88
2026-05-29T15:01:49.303594,0,805.5311355311355,17.79,66.04962583694368,17.88
2026-05-29T15:01:50.306001,0,805.5311355311355,17.79,66.04962583694368,17.88
2026-05-29T15:01:51.309211,0,805.5311355311355,17.79,66.04962583694368,17.88
2026-05-29T15:01:52.311377,0,805.5311355311355,17.79,66.04962583694368,17.88
2026-05-29T15:01:53.313660,0,805.5311355311355,17.79,66.04962583694368,17.88
2026-05-29T15:01:54.315672,0,805.5311355311355,17.79,66.04962583694368,17.88
2026-05-29T15:01:55.318352,0,805.5311355311355,17.79,66.04962583694368,17.88
2026-05-29T15:01:56.320761,0,805.5311355311355,17.79,66.04962583694368,17.88
2026-05-29T15:01:57.323013,0,805.5311355311355,17.79,66.04962583694368,17.88
2026-05-29T15:01:58.325642,0,805.5311355311355,17.79,66.04962583694368,17.88
2026-05-29T15:01:59.327368,0,805.5311355311355,17.79,66.04962583694368,17.88
2026-05-29T15:02:00.329789,0,805.5311355311355,17.79,66.04962583694368,17.88
2026-05-29T15:02:01.331832,0,805.5311355311355,17.79,66.04962583694368,17.88
2026-05-29T15:02:02.334193,0,805.5311355311355,17.79,66.04962583694368,17.88
2026-05-29T15:02:03.335926,0,805.5311355311355,17.79,66.04962583694368,17.88
2026-05-29T15:02:04.338554,0,805.5311355311355,17.79,66.04962583694368,17.88
2026-05-29T15:02:05.340461,0,805.5311355311355,17.79,66.04962583694368,17.88
2026-05-29T15:02:06.342869,0,805.5311355311355,17.79,66.04962583694368,17.88
2026-05-29T15:02:07.344949,0,805.5311355311355,17.79,66.04962583694368,17.88
2026-05-29T15:02:08.346734,0,805.5311355311355,17.79,66.04962583694368,17.88
2026-05-29T15:02:09.348520,0,805.5311355311355,17.79,66.04962583694368,17.88
2026-05-29T15:02:10.350643,0,805.5311355311355,17.79,66.04962583694368,17.88
2026-05-29T15:02:11.352620,0,805.5311355311355,17.79,66.04962583694368,17.88
2026-05-29T15:02:12.354377,0,805.5311355311355,17.79,66.04962583694368,17.88
2026-05-29T15:02:13.356854,0,805.5311355311355,17.79,66.04962583694368,17.88
2026-05-29T15:02:14.358724,0,805.5311355311355,17.79,66.04962583694368,17.88
2026-05-29T15:02:15.361071,0,805.5311355311355,17.79,66.04962583694368,17.88
2026-05-29T15:02:16.364311,0,805.5311355311355,17.79,66.04962583694368,17.88
2026-05-29T15:02:17.365976,0,805.5311355311355,17.79,66.04962583694368,17.88
2026-05-29T15:02:18.368242,0,805.5311355311355,17.79,66.04962583694368,17.88
2026-05-29T15:02:19.370741,0,805.5311355311355,17.79,66.04962583694368,17.88
2026-05-29T15:02:20.372536,0,805.5311355311355,17.79,66.04962583694368,17.88
2026-05-29T15:02:21.374497,0,805.5311355311355,17.79,66.04962583694368,17.88
2026-05-29T15:02:22.377116,0,805.5311355311355,17.79,66.04962583694368,17.88
2026-05-29T15:02:23.379655,0,805.5311355311355,17.79,66.04962583694368,17.88
2026-05-29T15:02:24.381287,0,805.5311355311355,17.79,66.04962583694368,17.88
2026-05-29T15:02:25.383330,0,805.5311355311355,17.79,66.04962583694368,17.88
2026-05-29T15:02:26.385283,0,805.5311355311355,17.79,66.04962583694368,17.88
2026-05-29T15:02:27.387096,0,805.5311355311355,17.79,66.04962583694368,17.88
2026-05-29T15:02:28.389054,0,805.5311355311355,17.79,66.04962583694368,17.88
2026-05-29T15:02:29.390831,0,805.5311355311355,17.79,66.04962583694368,17.88
2026-05-29T15:02:30.393346,0,805.5311355311355,17.79,66.04962583694368,17.88
2026-05-29T15:02:31.395539,0,805.5311355311355,17.79,66.04962583694368,17.88
2026-05-29T15:02:32.397318,0,805.5311355311355,17.79,66.04962583694368,17.88
2026-05-29T15:02:33.400040,0,805.5311355311355,17.79,66.04962583694368,17.88
2026-05-29T15:02:34.402107,0,805.5311355311355,17.79,66.04962583694368,17.88
2026-05-29T15:02:35.403567,0,805.5311355311355,17.79,66.04962583694368,17.88
2026-05-29T15:02:36.405466,0,805.5311355311355,17.79,66.04962583694368,17.88
2026-05-29T15:02:37.407175,0,805.5311355311355,17.79,66.04962583694368,17.88
2026-05-29T15:02:38.409004,0,805.5311355311355,17.79,66.04962583694368,17.88
2026-05-29T15:02:39.411079,0,805.5311355311355,17.79,66.04962583694368,17.88
2026-05-29T15:02:40.413277,0,805.5311355311355,17.79,66.04962583694368,17.88
2026-05-29T15:02:41.415726,0,805.5311355311355,17.79,66.04962583694368,17.88
2026-05-29T15:02:42.418190,0,805.5311355311355,17.79,66.04962583694368,17.88
2026-05-29T15:02:43.420262,0,805.5311355311355,17.79,66.04962583694368,17.88
2026-05-29T15:02:44.422529,0,805.5311355311355,17.79,66.04962583694368,17.88
2026-05-29T15:02:45.425248,0,805.5311355311355,17.79,66.04962583694368,17.88
2026-05-29T15:02:46.428300,0,805.5311355311355,17.79,66.04962583694368,17.88
2026-05-29T15:02:47.430532,0,805.5311355311355,17.79,66.04962583694368,17.88
2026-05-29T15:02:48.432275,0,805.5311355311355,17.79,66.04962583694368,17.88
2026-05-29T15:02:49.434552,0,805.5311355311355,17.79,66.04962583694368,17.88
2026-05-29T15:02:50.437060,0,805.5311355311355,17.79,66.04962583694368,17.88
2026-05-29T15:02:51.439028,0,805.5311355311355,17.79,66.04962583694368,17.88
2026-05-29T15:02:52.441003,0,805.5311355311355,17.79,66.04962583694368,17.88
2026-05-29T15:02:53.443019,0,805.5311355311355,17.79,66.04962583694368,17.88
2026-05-29T15:02:54.445141,0,805.5311355311355,17.79,66.04962583694368,17.88
2026-05-29T15:02:55.446719,0,805.5311355311355,17.79,66.04962583694368,17.88
2026-05-29T15:02:56.448987,0,805.5311355311355,17.79,66.04962583694368,17.88
2026-05-29T15:02:57.451622,0,805.5311355311355,17.79,66.04962583694368,17.88
2026-05-29T15:02:58.453921,0,805.5311355311355,17.79,66.04962583694368,17.88
2026-05-29T15:02:59.455985,0,805.5311355311355,17.79,66.04962583694368,17.88
2026-05-29T15:03:00.457654,0,805.5311355311355,17.79,66.04962583694368,17.88
2026-05-29T15:03:01.459443,0,805.5311355311355,17.79,66.04962583694368,17.88
2026-05-29T15:03:02.464517,0,805.5311355311355,17.79,66.04962583694368,17.88
2026-05-29T15:03:03.466491,0,805.5311355311355,17.79,66.04962583694368,17.88
2026-05-29T15:03:04.468724,0,805.5311355311355,17.79,66.04962583694368,17.88
2026-05-29T15:03:05.471169,0,805.5311355311355,17.79,66.04962583694368,17.88
2026-05-29T15:03:06.473609,0,805.5311355311355,17.79,66.04962583694368,17.88
2026-05-29T15:03:07.476434,0,805.5311355311355,17.79,66.04962583694368,17.88
2026-05-29T15:03:08.478422,0,805.5311355311355,17.79,66.04962583694368,17.88
2026-05-29T15:03:09.480602,0,805.5311355311355,17.79,66.04962583694368,17.88
2026-05-29T15:03:10.482735,0,805.5311355311355,17.79,66.04962583694368,17.88
2026-05-29T15:03:11.485081,0,805.5311355311355,17.79,66.04962583694368,17.88
2026-05-29T15:03:12.487420,0,805.5311355311355,17.79,66.04962583694368,17.88
2026-05-29T15:03:13.489961,0,805.5311355311355,17.79,66.04962583694368,17.88
2026-05-29T15:03:14.491777,0,805.5311355311355,17.79,66.04962583694368,17.88
2026-05-29T15:03:15.494149,0,805.5311355311355,17.79,66.04962583694368,17.88
2026-05-29T15:03:16.496342,0,805.5311355311355,17.79,66.04962583694368,17.88
2026-05-29T15:03:17.499150,0,805.5311355311355,17.79,66.04962583694368,17.88
2026-05-29T15:03:18.500768,0,805.5311355311355,17.79,66.04962583694368,17.88
2026-05-29T15:03:19.503027,0,805.5311355311355,17.79,66.04962583694368,17.88
2026-05-29T15:03:20.505200,0,805.5311355311355,17.79,66.04962583694368,17.88
2026-05-29T15:03:21.507210,0,805.5311355311355,17.79,66.04962583694368,17.88
2026-05-29T15:03:22.509252,0,805.5311355311355,17.79,66.04962583694368,17.88
2026-05-29T15:03:23.510875,0,805.5311355311355,17.79,66.04962583694368,17.88
2026-05-29T15:03:24.513080,0,805.5311355311355,17.79,66.04962583694368,17.88
2026-05-29T15:03:25.514676,0,805.5311355311355,17.79,66.04962583694368,17.88
2026-05-29T15:03:26.516570,0,805.5311355311355,17.79,66.04962583694368,17.88
2026-05-29T15:03:27.518732,0,805.5311355311355,17.79,66.04962583694368,17.88
2026-05-29T15:03:28.520824,0,805.5311355311355,17.79,66.04962583694368,17.88
2026-05-29T15:03:29.523974,0,805.5311355311355,17.79,66.04962583694368,17.88
2026-05-29T15:03:30.526216,0,805.5311355311355,17.79,66.04962583694368,17.88
2026-05-29T15:03:31.528340,0,805.5311355311355,17.79,66.04962583694368,17.88
2026-05-29T15:03:32.530455,0,805.5311355311355,17.79,66.04962583694368,17.88
2026-05-29T15:03:33.533148,0,805.5311355311355,17.79,66.04962583694368,17.88
2026-05-29T15:03:34.535832,0,805.5311355311355,17.79,66.04962583694368,17.88
2026-05-29T15:03:35.537679,0,805.5311355311355,17.79,66.04962583694368,17.88
2026-05-29T15:03:36.540276,0,805.5311355311355,17.79,66.04962583694368,17.88
2026-05-29T15:03:37.542520,0,805.5311355311355,17.79,66.04962583694368,17.88
2026-05-29T15:03:38.544784,0,805.5311355311355,17.79,66.04962583694368,17.88
2026-05-29T15:03:39.546599,0,805.5311355311355,17.79,66.04962583694368,17.88
2026-05-29T15:03:40.548948,0,805.5311355311355,17.79,66.04962583694368,17.88
2026-05-29T15:03:41.550789,0,805.5311355311355,17.79,66.04962583694368,17.88
2026-05-29T15:03:42.553295,0,805.5311355311355,17.79,66.04962583694368,17.88
2026-05-29T15:03:43.555705,0,805.5311355311355,17.79,66.04962583694368,17.88
2026-05-29T15:03:44.558282,0,805.5311355311355,17.79,66.04962583694368,17.88
2026-05-29T15:03:45.560309,0,805.5311355311355,17.79,66.04962583694368,17.88
2026-05-29T15:03:46.562208,0,805.5311355311355,17.79,66.04962583694368,17.88
2026-05-29T15:03:47.564062,0,805.5311355311355,17.79,66.04962583694368,17.88
2026-05-29T15:03:48.566274,0,805.5311355311355,17.79,66.04962583694368,17.88
2026-05-29T15:03:49.568315,0,805.5311355311355,17.79,66.04962583694368,17.88
2026-05-29T15:03:50.570217,0,805.5311355311355,17.79,66.04962583694368,17.88
2026-05-29T15:03:51.571811,0,805.5311355311355,17.79,66.04962583694368,17.88
2026-05-29T15:03:52.573746,0,805.5311355311355,17.79,66.04962583694368,17.88
2026-05-29T15:03:53.575806,0,805.5311355311355,17.79,66.04962583694368,17.88
2026-05-29T15:03:54.578214,0,805.5311355311355,17.79,66.04962583694368,17.88
2026-05-29T15:03:55.580387,0,805.5311355311355,17.79,66.04962583694368,17.88
2026-05-29T15:03:56.583024,0,805.5311355311355,17.79,66.04962583694368,17.88
2026-05-29T15:03:57.585147,0,805.5311355311355,17.79,66.04962583694368,17.88
2026-05-29T15:03:58.587738,0,805.5311355311355,17.79,66.04962583694368,17.88
2026-05-29T15:03:59.590264,0,805.5311355311355,17.79,66.04962583694368,17.88
2026-05-29T15:04:00.592499,0,805.5311355311355,17.79,66.04962583694368,17.88
2026-05-29T15:04:01.594781,0,805.5311355311355,17.79,66.04962583694368,17.88
2026-05-29T15:04:02.596957,0,805.5311355311355,17.79,66.04962583694368,17.88
2026-05-29T15:04:03.598999,0,805.5311355311355,17.79,66.04962583694368,17.88
2026-05-29T15:04:04.601310,0,805.5311355311355,17.79,66.04962583694368,17.88
2026-05-29T15:04:05.603149,0,805.5311355311355,17.79,66.04962583694368,17.88
2026-05-29T15:04:06.605047,0,805.5311355311355,17.79,66.04962583694368,17.88
2026-05-29T15:04:07.607253,0,805.5311355311355,17.79,66.04962583694368,17.88
2026-05-29T15:04:08.610185,0,805.5311355311355,17.79,66.04962583694368,17.88
2026-05-29T15:04:09.611945,0,805.5311355311355,17.79,66.04962583694368,17.88
2026-05-29T15:04:10.613789,0,805.5311355311355,17.79,66.04962583694368,17.88
2026-05-29T15:04:11.615631,0,805.5311355311355,17.79,66.04962583694368,17.88
2026-05-29T15:04:12.617694,0,805.5311355311355,17.79,66.04962583694368,17.88
2026-05-29T15:04:13.620407,0,805.5311355311355,17.79,66.04962583694368,17.88
2026-05-29T15:04:14.622712,0,805.5311355311355,17.79,66.04962583694368,17.88
2026-05-29T15:04:15.624805,0,805.5311355311355,17.79,66.04962583694368,17.88
2026-05-29T15:04:16.627469,0,805.5311355311355,17.79,66.04962583694368,17.88
2026-05-29T15:04:17.630002,0,805.5311355311355,17.79,66.04962583694368,17.88
2026-05-29T15:04:18.632325,0,805.5311355311355,17.79,66.04962583694368,17.88
2026-05-29T15:04:19.643976,0,805.5311355311355,17.79,66.04962583694368,17.88
2026-05-29T15:04:20.646034,0,805.5311355311355,17.79,66.04962583694368,17.88
2026-05-29T15:04:21.647870,0,805.5311355311355,17.79,66.04962583694368,17.88
2026-05-29T15:04:22.650042,0,805.5311355311355,17.79,66.04962583694368,17.88
2026-05-29T15:04:23.652828,0,805.5311355311355,17.79,66.04962583694368,17.88
2026-05-29T15:04:24.654511,0,805.5311355311355,17.79,66.04962583694368,17.88
2026-05-29T15:04:25.657344,0,805.5311355311355,17.79,66.04962583694368,17.88
2026-05-29T15:04:26.659130,0,805.5311355311355,17.79,66.04962583694368,17.88
2026-05-29T15:04:27.661061,0,805.5311355311355,17.79,66.04962583694368,17.88
2026-05-29T15:04:28.663162,0,805.5311355311355,17.79,66.04962583694368,17.88
2026-05-29T15:04:29.665020,0,805.5311355311355,17.79,66.04962583694368,17.88
2026-05-29T15:04:30.667001,0,805.5311355311355,17.79,66.04962583694368,17.88
2026-05-29T15:04:31.669167,0,805.5311355311355,17.79,66.04962583694368,17.88
2026-05-29T15:04:32.671413,0,805.5311355311355,17.79,66.04962583694368,17.88
2026-05-29T15:04:33.673494,0,805.5311355311355,17.79,66.04962583694368,17.88
2026-05-29T15:04:34.676014,0,805.5311355311355,17.79,66.04962583694368,17.88
2026-05-29T15:04:35.678355,0,805.5311355311355,17.79,66.04962583694368,17.88
2026-05-29T15:04:36.680559,0,805.5311355311355,17.79,66.04962583694368,17.88
2026-05-29T15:04:37.683176,0,805.5311355311355,17.79,66.04962583694368,17.88
2026-05-29T15:04:38.685193,0,805.5311355311355,17.79,66.04962583694368,17.88
2026-05-29T15:04:39.687185,0,805.5311355311355,17.79,66.04962583694368,17.88
2026-05-29T15:04:40.689474,0,805.5311355311355,17.79,66.04962583694368,17.88
2026-05-29T15:04:41.691695,0,805.5311355311355,17.79,66.04962583694368,17.88
2026-05-29T15:04:42.694327,0,805.5311355311355,17.79,66.04962583694368,17.88
2026-05-29T15:04:43.696744,0,805.5311355311355,17.79,66.04962583694368,17.88
2026-05-29T15:04:44.699427,0,805.5311355311355,17.79,66.04962583694368,17.88
2026-05-29T15:04:45.701725,0,805.5311355311355,17.79,66.04962583694368,17.88
2026-05-29T15:04:46.704096,0,805.5311355311355,17.79,66.04962583694368,17.88
2026-05-29T15:04:47.705985,0,805.5311355311355,17.79,66.04962583694368,17.88
2026-05-29T15:04:48.708111,0,805.5311355311355,17.79,66.04962583694368,17.88
2026-05-29T15:04:49.710385,0,805.5311355311355,17.79,66.04962583694368,17.88
2026-05-29T15:04:50.712701,0,805.5311355311355,17.79,66.04962583694368,17.88
2026-05-29T15:04:51.714670,0,805.5311355311355,17.79,66.04962583694368,17.88
2026-05-29T15:04:52.716703,0,805.5311355311355,17.79,66.04962583694368,17.88
2026-05-29T15:04:53.718811,0,805.5311355311355,17.79,66.04962583694368,17.88
2026-05-29T15:04:54.720466,0,805.5311355311355,17.79,66.04962583694368,17.88
2026-05-29T15:04:55.722732,0,805.5311355311355,17.79,66.04962583694368,17.88
2026-05-29T15:04:56.724980,0,805.5311355311355,17.79,66.04962583694368,17.88
2026-05-29T15:04:57.727766,0,805.5311355311355,17.79,66.04962583694368,17.88
2026-05-29T15:04:58.733281,0,805.5311355311355,17.79,66.04962583694368,17.88
2026-05-29T15:04:59.734993,0,805.5311355311355,17.79,66.04962583694368,17.88
2026-05-29T15:05:00.737627,0,805.5311355311355,17.79,66.04962583694368,17.88
2026-05-29T15:05:01.739812,0,805.5311355311355,17.79,66.04962583694368,17.88
2026-05-29T15:05:02.741672,0,805.5311355311355,17.79,66.04962583694368,17.88
2026-05-29T15:05:03.743701,0,805.5311355311355,17.79,66.04962583694368,17.88
2026-05-29T15:05:04.745592,0,805.5311355311355,17.79,66.04962583694368,17.88
2026-05-29T15:05:05.747477,0,805.5311355311355,17.79,66.04962583694368,17.88
2026-05-29T15:05:06.749148,0,805.5311355311355,17.79,66.04962583694368,17.88
2026-05-29T15:05:07.751237,0,805.5311355311355,17.79,66.04962583694368,17.88
2026-05-29T15:05:08.762784,0,805.5311355311355,17.79,66.04962583694368,17.88
2026-05-29T15:05:09.772563,0,805.5311355311355,17.79,66.04962583694368,17.88
2026-05-29T15:05:10.782395,0,805.5311355311355,17.79,66.04962583694368,17.88
2026-05-29T15:05:11.792406,0,805.5311355311355,17.79,66.04962583694368,17.88
2026-05-29T15:05:12.802414,0,805.5311355311355,17.79,66.04962583694368,17.88
2026-05-29T15:05:13.812196,0,805.5311355311355,17.79,66.04962583694368,17.88
2026-05-29T15:05:14.823479,0,805.5311355311355,17.79,66.04962583694368,17.88
2026-05-29T15:05:15.832085,0,805.5311355311355,17.79,66.04962583694368,17.88
2026-05-29T15:05:16.843294,0,805.5311355311355,17.79,66.04962583694368,17.88
2026-05-29T15:05:17.852574,0,805.5311355311355,17.79,66.04962583694368,17.88
2026-05-29T15:05:18.862111,0,805.5311355311355,17.79,66.04962583694368,17.88
2026-05-29T15:05:19.872230,0,805.5311355311355,17.79,66.04962583694368,17.88
2026-05-29T15:05:20.883010,0,805.5311355311355,17.79,66.04962583694368,17.88
2026-05-29T15:05:21.892592,0,805.5311355311355,17.79,66.04962583694368,17.88
2026-05-29T15:05:22.902867,0,805.5311355311355,17.79,66.04962583694368,17.88
2026-05-29T15:05:23.904905,0,805.5311355311355,17.79,66.04962583694368,17.88
2026-05-29T15:05:24.913594,0,805.5311355311355,17.79,66.04962583694368,17.88
2026-05-29T15:05:25.923739,0,805.5311355311355,17.79,66.04962583694368,17.88
2026-05-29T15:05:26.925770,0,805.5311355311355,17.79,66.04962583694368,17.88
2026-05-29T15:05:27.933917,0,805.5311355311355,17.79,66.04962583694368,17.88
2026-05-29T15:05:28.944907,0,805.5311355311355,17.79,66.04962583694368,17.88
2026-05-29T15:05:29.953627,0,805.5311355311355,17.79,66.04962583694368,17.88
2026-05-29T15:05:30.963646,0,805.5311355311355,17.79,66.04962583694368,17.88
2026-05-29T15:05:31.975270,0,805.5311355311355,17.79,66.04962583694368,17.88
2026-05-29T15:05:32.983811,0,805.5311355311355,17.79,66.04962583694368,17.88
2026-05-29T15:05:33.986464,0,805.5311355311355,17.79,66.04962583694368,17.88
2026-05-29T15:05:34.988594,0,805.5311355311355,17.79,66.04962583694368,17.88
2026-05-29T15:05:35.991195,0,805.5311355311355,17.79,66.04962583694368,17.88
2026-05-29T15:05:36.994077,0,805.5311355311355,17.79,66.04962583694368,17.88
2026-05-29T15:05:37.995932,0,805.5311355311355,17.79,66.04962583694368,17.88
2026-05-29T15:05:38.998314,0,805.5311355311355,17.79,66.04962583694368,17.88
2026-05-29T15:05:40.001080,0,805.5311355311355,17.79,66.04962583694368,17.88
2026-05-29T15:05:41.002923,0,805.5311355311355,17.79,66.04962583694368,17.88
2026-05-29T15:05:42.004804,0,805.5311355311355,17.79,66.04962583694368,17.88
2026-05-29T15:05:43.007075,0,805.5311355311355,17.79,66.04962583694368,17.88
2026-05-29T15:05:44.009738,0,805.5311355311355,17.79,66.04962583694368,17.88
2026-05-29T15:05:45.018801,0,805.5311355311355,17.79,66.04962583694368,17.88
2026-05-29T15:05:46.021687,0,805.5311355311355,17.79,66.04962583694368,17.88
2026-05-29T15:05:47.023957,0,805.5311355311355,17.79,66.04962583694368,17.88
2026-05-29T15:05:48.026492,0,805.5311355311355,17.79,66.04962583694368,17.88
2026-05-29T15:05:49.028204,0,805.5311355311355,17.79,66.04962583694368,17.88
2026-05-29T15:05:50.032850,0,805.5311355311355,17.79,66.04962583694368,17.88
2026-05-29T15:05:51.036904,0,805.5311355311355,17.79,66.04962583694368,17.88
2026-05-29T15:05:52.039436,0,805.5311355311355,17.79,66.04962583694368,17.88
2026-05-29T15:05:53.042082,0,805.5311355311355,17.79,66.04962583694368,17.88
2026-05-29T15:05:54.043818,0,805.5311355311355,17.79,66.04962583694368,17.88
2026-05-29T15:05:55.047437,0,805.5311355311355,17.79,66.04962583694368,17.88
2026-05-29T15:05:56.055679,0,805.5311355311355,17.79,66.04962583694368,17.88
2026-05-29T15:05:57.062206,0,805.5311355311355,17.79,66.04962583694368,17.88
2026-05-29T15:05:58.063824,0,805.5311355311355,17.79,66.04962583694368,17.88
2026-05-29T15:05:59.065413,0,805.5311355311355,17.79,66.04962583694368,17.88
2026-05-29T15:06:00.075360,0,805.5311355311355,17.79,66.04962583694368,17.88
2026-05-29T15:06:01.085667,0,805.5311355311355,17.79,66.04962583694368,17.88
2026-05-29T15:06:02.095875,0,805.5311355311355,17.79,66.04962583694368,17.88
2026-05-29T15:06:03.102254,0,805.5311355311355,17.79,66.04962583694368,17.88
2026-05-29T15:06:04.112301,0,805.5311355311355,17.79,66.04962583694368,17.88
2026-05-29T15:06:05.114311,0,805.5311355311355,17.79,66.04962583694368,17.88
2026-05-29T15:06:06.125083,0,805.5311355311355,17.79,66.04962583694368,17.88
2026-05-29T15:06:07.135198,0,805.5311355311355,17.79,66.04962583694368,17.88
2026-05-29T15:06:08.142029,0,805.5311355311355,17.79,66.04962583694368,17.88
2026-05-29T15:06:09.143565,0,805.5311355311355,17.79,66.04962583694368,17.88
2026-05-29T15:06:10.153156,0,805.5311355311355,17.79,66.04962583694368,17.88
2026-05-29T15:06:11.155374,0,805.5311355311355,17.79,66.04962583694368,17.88
2026-05-29T15:06:12.157163,0,805.5311355311355,17.79,66.04962583694368,17.88
2026-05-29T15:06:13.159209,0,805.5311355311355,17.79,66.04962583694368,17.88
2026-05-29T15:06:14.161445,0,805.5311355311355,17.79,66.04962583694368,17.88
2026-05-29T15:06:15.164091,0,805.5311355311355,17.79,66.04962583694368,17.88
2026-05-29T15:06:16.165777,0,805.5311355311355,17.79,66.04962583694368,17.88
2026-05-29T15:06:17.167969,0,805.5311355311355,17.79,66.04962583694368,17.88
2026-05-29T15:06:18.169928,0,805.5311355311355,17.79,66.04962583694368,17.88
2026-05-29T15:06:19.171811,0,805.5311355311355,17.79,66.04962583694368,17.88
2026-05-29T15:06:20.173648,0,805.5311355311355,17.79,66.04962583694368,17.88
2026-05-29T15:06:21.176052,0,805.5311355311355,17.79,66.04962583694368,17.88
2026-05-29T15:06:22.178617,0,805.5311355311355,17.79,66.04962583694368,17.88
2026-05-29T15:06:23.180576,0,805.5311355311355,17.79,66.04962583694368,17.88
2026-05-29T15:06:24.182703,0,805.5311355311355,17.79,66.04962583694368,17.88
2026-05-29T15:06:25.185163,0,805.5311355311355,17.79,66.04962583694368,17.88
2026-05-29T15:06:26.187112,0,805.5311355311355,17.79,66.04962583694368,17.88
2026-05-29T15:06:27.189101,0,805.5311355311355,17.79,66.04962583694368,17.88
2026-05-29T15:06:28.191015,0,805.5311355311355,17.79,66.04962583694368,17.88
2026-05-29T15:06:29.192959,0,805.5311355311355,17.79,66.04962583694368,17.88
2026-05-29T15:06:30.195939,0,805.5311355311355,17.79,66.04962583694368,17.88
2026-05-29T15:06:31.197855,0,805.5311355311355,17.79,66.04962583694368,17.88
2026-05-29T15:06:32.199860,0,805.5311355311355,17.79,66.04962583694368,17.88
2026-05-29T15:06:33.201745,0,805.5311355311355,17.79,66.04962583694368,17.88
2026-05-29T15:06:34.203681,0,805.5311355311355,17.79,66.04962583694368,17.88
2026-05-29T15:06:35.205590,0,805.5311355311355,17.79,66.04962583694368,17.88
2026-05-29T15:06:36.207674,0,805.5311355311355,17.79,66.04962583694368,17.88
2026-05-29T15:06:37.209643,0,805.5311355311355,17.79,66.04962583694368,17.88
2026-05-29T15:06:38.211395,0,805.5311355311355,17.79,66.04962583694368,17.88
2026-05-29T15:06:39.213521,0,805.5311355311355,17.79,66.04962583694368,17.88
2026-05-29T15:06:40.215458,0,805.5311355311355,17.79,66.04962583694368,17.88
2026-05-29T15:06:41.217409,0,805.5311355311355,17.79,66.04962583694368,17.88
2026-05-29T15:06:42.219314,0,805.5311355311355,17.79,66.04962583694368,17.88
2026-05-29T15:06:43.221234,0,805.5311355311355,17.79,66.04962583694368,17.88
2026-05-29T15:06:44.223246,0,805.5311355311355,17.79,66.04962583694368,17.88
2026-05-29T15:06:45.225198,0,805.5311355311355,17.79,66.04962583694368,17.88
2026-05-29T15:06:46.227136,0,805.5311355311355,17.79,66.04962583694368,17.88
2026-05-29T15:06:47.229091,0,805.5311355311355,17.79,66.04962583694368,17.88
2026-05-29T15:06:48.231021,0,805.5311355311355,17.79,66.04962583694368,17.88
2026-05-29T15:06:49.232982,0,805.5311355311355,17.79,66.04962583694368,17.88
2026-05-29T15:06:50.234818,0,805.5311355311355,17.79,66.04962583694368,17.88
2026-05-29T15:06:51.236868,0,805.5311355311355,17.79,66.04962583694368,17.88
2026-05-29T15:06:52.238885,0,805.5311355311355,17.79,66.04962583694368,17.88
2026-05-29T15:06:53.240616,0,805.5311355311355,17.79,66.04962583694368,17.88
2026-05-29T15:06:54.242715,0,805.5311355311355,17.79,66.04962583694368,17.88
2026-05-29T15:06:55.244647,0,805.5311355311355,17.79,66.04962583694368,17.88
2026-05-29T15:06:56.246419,0,805.5311355311355,17.79,66.04962583694368,17.88
2026-05-29T15:06:57.248444,0,805.5311355311355,17.79,66.04962583694368,17.88
2026-05-29T15:06:58.250388,0,805.5311355311355,17.79,66.04962583694368,17.88
2026-05-29T15:06:59.252337,0,805.5311355311355,17.79,66.04962583694368,17.88
2026-05-29T15:07:00.254361,0,805.5311355311355,17.79,66.04962583694368,17.88
2026-05-29T15:07:01.256306,0,805.5311355311355,17.79,66.04962583694368,17.88
2026-05-29T15:07:02.258256,0,805.5311355311355,17.79,66.04962583694368,17.88
2026-05-29T15:07:03.260111,0,805.5311355311355,17.79,66.04962583694368,17.88
2026-05-29T15:07:04.262043,0,805.5311355311355,17.79,66.04962583694368,17.88
2026-05-29T15:07:05.264108,0,805.5311355311355,17.79,66.04962583694368,17.88
2026-05-29T15:07:06.265969,0,805.5311355311355,17.79,66.04962583694368,17.88
2026-05-29T15:07:07.267902,0,805.5311355311355,17.79,66.04962583694368,17.88
2026-05-29T15:07:08.269864,0,805.5311355311355,17.79,66.04962583694368,17.88
2026-05-29T15:07:09.271904,0,805.5311355311355,17.79,66.04962583694368,17.88
2026-05-29T15:07:10.273840,0,805.5311355311355,17.79,66.04962583694368,17.88
2026-05-29T15:07:11.275785,0,805.5311355311355,17.79,66.04962583694368,17.88
2026-05-29T15:07:12.332342,0,805.5311355311355,17.79,66.04962583694368,17.88
2026-05-29T15:07:13.414785,0,805.5311355311355,17.79,66.04962583694368,17.88
2026-05-29T15:07:14.510267,0,805.5311355311355,17.79,66.04962583694368,17.88
2026-05-29T15:07:15.554169,0,805.5311355311355,17.79,66.04962583694368,17.88
2026-05-29T15:07:16.590494,0,805.5311355311355,17.79,66.04962583694368,17.88
2026-05-29T15:07:17.592253,0,805.5311355311355,17.79,66.04962583694368,17.88
2026-05-29T15:07:18.594383,0,805.5311355311355,17.79,66.04962583694368,17.88
2026-05-29T15:07:19.596154,0,805.5311355311355,17.79,66.04962583694368,17.88
2026-05-29T15:07:20.598292,0,805.5311355311355,17.79,66.04962583694368,17.88
2026-05-29T15:07:21.600285,0,805.5311355311355,17.79,66.04962583694368,17.88
2026-05-29T15:07:22.601982,0,805.5311355311355,17.79,66.04962583694368,17.88
2026-05-29T15:07:23.604063,0,805.5311355311355,17.79,66.04962583694368,17.88
2026-05-29T15:07:24.606015,0,805.5311355311355,17.79,66.04962583694368,17.88
2026-05-29T15:07:25.608025,0,805.5311355311355,17.79,66.04962583694368,17.88
2026-05-29T15:07:26.610041,0,805.5311355311355,17.79,66.04962583694368,17.88
2026-05-29T15:07:27.611950,0,805.5311355311355,17.79,66.04962583694368,17.88
2026-05-29T15:07:28.613775,0,805.5311355311355,17.79,66.04962583694368,17.88
2026-05-29T15:07:29.615864,0,805.5311355311355,17.79,66.04962583694368,17.88
2026-05-29T15:07:30.617810,0,805.5311355311355,17.79,66.04962583694368,17.88
2026-05-29T15:07:31.619789,0,805.5311355311355,17.79,66.04962583694368,17.88
2026-05-29T15:07:32.621706,0,805.5311355311355,17.79,66.04962583694368,17.88
2026-05-29T15:07:33.623542,0,805.5311355311355,17.79,66.04962583694368,17.88
2026-05-29T15:07:34.625594,0,805.5311355311355,17.79,66.04962583694368,17.88
2026-05-29T15:07:35.627450,0,805.5311355311355,17.79,66.04962583694368,17.88
2026-05-29T15:07:36.629312,0,805.5311355311355,17.79,66.04962583694368,17.88
2026-05-29T15:07:37.631424,0,805.5311355311355,17.79,66.04962583694368,17.88
2026-05-29T15:07:38.633346,0,805.5311355311355,17.79,66.04962583694368,17.88
2026-05-29T15:07:39.635114,0,805.5311355311355,17.79,66.04962583694368,17.88
2026-05-29T15:07:40.637243,0,805.5311355311355,17.79,66.04962583694368,17.88
2026-05-29T15:07:41.639192,0,805.5311355311355,17.79,66.04962583694368,17.88
2026-05-29T15:07:42.640994,0,805.5311355311355,17.79,66.04962583694368,17.88
2026-05-29T15:07:43.643073,0,805.5311355311355,17.79,66.04962583694368,17.88
2026-05-29T15:07:44.645035,0,805.5311355311355,17.79,66.04962583694368,17.88
2026-05-29T15:07:45.647966,0,805.5311355311355,17.79,66.04962583694368,17.88
2026-05-29T15:07:46.649933,0,805.5311355311355,17.79,66.04962583694368,17.88
2026-05-29T15:07:47.652108,0,805.5311355311355,17.79,66.04962583694368,17.88
2026-05-29T15:07:48.654813,0,805.5311355311355,17.79,66.04962583694368,17.88
2026-05-29T15:07:49.656746,0,805.5311355311355,17.79,66.04962583694368,17.88
2026-05-29T15:07:50.658982,0,805.5311355311355,17.79,66.04962583694368,17.88
2026-05-29T15:07:51.661553,0,805.5311355311355,17.79,66.04962583694368,17.88
2026-05-29T15:07:52.663425,0,805.5311355311355,17.79,66.04962583694368,17.88
2026-05-29T15:07:53.665304,0,805.5311355311355,17.79,66.04962583694368,17.88
2026-05-29T15:07:54.667497,0,805.5311355311355,17.79,66.04962583694368,17.88
2026-05-29T15:07:55.669344,0,805.5311355311355,17.79,66.04962583694368,17.88
2026-05-29T15:07:56.671374,0,805.5311355311355,17.79,66.04962583694368,17.88
2026-05-29T15:07:57.673181,0,805.5311355311355,17.79,66.04962583694368,17.88
2026-05-29T15:07:58.676070,0,805.5311355311355,17.79,66.04962583694368,17.88
2026-05-29T15:07:59.678031,0,805.5311355311355,17.79,66.04962583694368,17.88
2026-05-29T15:08:00.680070,0,805.5311355311355,17.79,66.04962583694368,17.88
2026-05-29T15:08:01.683059,0,805.5311355311355,17.79,66.04962583694368,17.88
2026-05-29T15:08:02.684965,0,805.5311355311355,17.79,66.04962583694368,17.88
2026-05-29T15:08:03.686826,0,805.5311355311355,17.79,66.04962583694368,17.88
2026-05-29T15:08:04.688902,0,805.5311355311355,17.79,66.04962583694368,17.88
2026-05-29T15:08:05.690668,0,805.5311355311355,17.79,66.04962583694368,17.88
2026-05-29T15:08:06.692770,0,805.5311355311355,17.79,66.04962583694368,17.88
2026-05-29T15:08:07.694781,0,805.5311355311355,17.79,66.04962583694368,17.88
2026-05-29T15:08:08.696722,0,805.5311355311355,17.79,66.04962583694368,17.88
2026-05-29T15:08:09.698564,0,805.5311355311355,17.79,66.04962583694368,17.88
2026-05-29T15:08:10.700529,0,805.5311355311355,17.79,66.04962583694368,17.88
2026-05-29T15:08:11.702421,0,805.5311355311355,17.79,66.04962583694368,17.88
2026-05-29T15:08:12.704508,0,805.5311355311355,17.79,66.04962583694368,17.88
2026-05-29T15:08:13.706442,0,805.5311355311355,17.79,66.04962583694368,17.88
2026-05-29T15:08:14.708407,0,805.5311355311355,17.79,66.04962583694368,17.88
2026-05-29T15:08:15.710354,0,805.5311355311355,17.79,66.04962583694368,17.88
2026-05-29T15:08:16.712152,0,805.5311355311355,17.79,66.04962583694368,17.88
2026-05-29T15:08:17.714259,0,805.5311355311355,17.79,66.04962583694368,17.88
2026-05-29T15:08:18.716189,0,805.5311355311355,17.79,66.04962583694368,17.88
2026-05-29T15:08:19.718133,0,805.5311355311355,17.79,66.04962583694368,17.88
2026-05-29T15:08:20.719982,0,805.5311355311355,17.79,66.04962583694368,17.88
2026-05-29T15:08:21.722030,0,805.5311355311355,17.79,66.04962583694368,17.88
2026-05-29T15:08:22.723970,0,805.5311355311355,17.79,66.04962583694368,17.88
2026-05-29T15:08:23.725928,0,805.5311355311355,17.79,66.04962583694368,17.88
2026-05-29T15:08:24.727861,0,805.5311355311355,17.79,66.04962583694368,17.88
2026-05-29T15:08:25.729666,0,805.5311355311355,17.79,66.04962583694368,17.88
2026-05-29T15:08:26.731657,0,805.5311355311355,17.79,66.04962583694368,17.88
2026-05-29T15:08:27.733676,0,805.5311355311355,17.79,66.04962583694368,17.88
2026-05-29T15:08:28.735643,0,805.5311355311355,17.79,66.04962583694368,17.88
2026-05-29T15:08:29.737597,0,805.5311355311355,17.79,66.04962583694368,17.88
2026-05-29T15:08:30.739548,0,805.5311355311355,17.79,66.04962583694368,17.88
2026-05-29T15:08:31.741489,0,805.5311355311355,17.79,66.04962583694368,17.88
2026-05-29T15:08:32.743230,0,805.5311355311355,17.79,66.04962583694368,17.88
2026-05-29T15:08:33.745382,0,805.5311355311355,17.79,66.04962583694368,17.88
2026-05-29T15:08:34.747211,0,805.5311355311355,17.79,66.04962583694368,17.88
2026-05-29T15:08:35.749266,0,805.5311355311355,17.79,66.04962583694368,17.88
2026-05-29T15:08:36.752143,0,805.5311355311355,17.79,66.04962583694368,17.88
2026-05-29T15:08:37.754059,0,805.5311355311355,17.79,66.04962583694368,17.88
2026-05-29T15:08:38.756429,0,805.5311355311355,17.79,66.04962583694368,17.88
2026-05-29T15:08:39.758898,0,805.5311355311355,17.79,66.04962583694368,17.88
2026-05-29T15:08:40.761001,0,805.5311355311355,17.79,66.04962583694368,17.88
2026-05-29T15:08:41.762759,0,805.5311355311355,17.79,66.04962583694368,17.88
2026-05-29T15:08:42.764449,0,805.5311355311355,17.79,66.04962583694368,17.88
2026-05-29T15:08:43.766360,0,805.5311355311355,17.79,66.04962583694368,17.88
2026-05-29T15:08:44.768410,0,805.5311355311355,17.79,66.04962583694368,17.88
2026-05-29T15:08:45.770351,0,805.5311355311355,17.79,66.04962583694368,17.88
2026-05-29T15:08:46.772292,0,805.5311355311355,17.79,66.04962583694368,17.88
2026-05-29T15:08:47.774130,0,805.5311355311355,17.79,66.04962583694368,17.88
2026-05-29T15:08:48.776173,0,805.5311355311355,17.79,66.04962583694368,17.88
2026-05-29T15:08:49.778114,0,805.5311355311355,17.79,66.04962583694368,17.88
2026-05-29T15:08:50.780078,0,805.5311355311355,17.79,66.04962583694368,17.88
2026-05-29T15:08:51.782007,0,805.5311355311355,17.79,66.04962583694368,17.88
2026-05-29T15:08:52.783939,0,805.5311355311355,17.79,66.04962583694368,17.88
2026-05-29T15:08:53.785891,0,805.5311355311355,17.79,66.04962583694368,17.88
2026-05-29T15:08:54.787828,0,805.5311355311355,17.79,66.04962583694368,17.88
2026-05-29T15:08:55.789779,0,805.5311355311355,17.79,66.04962583694368,17.88
2026-05-29T15:08:56.791731,0,805.5311355311355,17.79,66.04962583694368,17.88
2026-05-29T15:08:57.793679,0,805.5311355311355,17.79,66.04962583694368,17.88
2026-05-29T15:08:58.795466,0,805.5311355311355,17.79,66.04962583694368,17.88
2026-05-29T15:08:59.797406,0,805.5311355311355,17.79,66.04962583694368,17.88
2026-05-29T15:09:00.799476,0,805.5311355311355,17.79,66.04962583694368,17.88
2026-05-29T15:09:01.801376,0,805.5311355311355,17.79,66.04962583694368,17.88
2026-05-29T15:09:02.803187,0,805.5311355311355,17.79,66.04962583694368,17.88
2026-05-29T15:09:03.806287,0,805.5311355311355,17.79,66.04962583694368,17.88
2026-05-29T15:09:04.808313,0,805.5311355311355,17.79,66.04962583694368,17.88
2026-05-29T15:09:05.810204,0,805.5311355311355,17.79,66.04962583694368,17.88
2026-05-29T15:09:06.812217,0,805.5311355311355,17.79,66.04962583694368,17.88
2026-05-29T15:09:07.814151,0,805.5311355311355,17.79,66.04962583694368,17.88
2026-05-29T15:09:08.815921,0,805.5311355311355,17.79,66.04962583694368,17.88
2026-05-29T15:09:09.817980,0,805.5311355311355,17.79,66.04962583694368,17.88
2026-05-29T15:09:10.819910,0,805.5311355311355,17.79,66.04962583694368,17.88
2026-05-29T15:09:11.821939,0,805.5311355311355,17.79,66.04962583694368,17.88
2026-05-29T15:09:12.823705,0,805.5311355311355,17.79,66.04962583694368,17.88
2026-05-29T15:09:13.825834,0,805.5311355311355,17.79,66.04962583694368,17.88
2026-05-29T15:09:14.827743,0,805.5311355311355,17.79,66.04962583694368,17.88
2026-05-29T15:09:15.829593,0,805.5311355311355,17.79,66.04962583694368,17.88
2026-05-29T15:09:16.832574,0,805.5311355311355,17.79,66.04962583694368,17.88
2026-05-29T15:09:17.834617,0,805.5311355311355,17.79,66.04962583694368,17.88
2026-05-29T15:09:18.836555,0,805.5311355311355,17.79,66.04962583694368,17.88
2026-05-29T15:09:19.838506,0,805.5311355311355,17.79,66.04962583694368,17.88
2026-05-29T15:09:20.840449,0,805.5311355311355,17.79,66.04962583694368,17.88
2026-05-29T15:09:21.843397,0,805.5311355311355,17.79,66.04962583694368,17.88
2026-05-29T15:09:22.845336,0,805.5311355311355,17.79,66.04962583694368,17.88
2026-05-29T15:09:23.847339,0,805.5311355311355,17.79,66.04962583694368,17.88
2026-05-29T15:09:24.849235,0,805.5311355311355,17.79,66.04962583694368,17.88
2026-05-29T15:09:25.851156,0,805.5311355311355,17.79,66.04962583694368,17.88
2026-05-29T15:09:26.853031,0,805.5311355311355,17.79,66.04962583694368,17.88
2026-05-29T15:09:27.854924,0,805.5311355311355,17.79,66.04962583694368,17.88
2026-05-29T15:09:28.857792,0,805.5311355311355,17.79,66.04962583694368,17.88
2026-05-29T15:09:29.859957,0,805.5311355311355,17.79,66.04962583694368,17.88
2026-05-29T15:09:30.861816,0,805.5311355311355,17.79,66.04962583694368,17.88
2026-05-29T15:09:31.863783,0,805.5311355311355,17.79,66.04962583694368,17.88
2026-05-29T15:09:32.865716,0,805.5311355311355,17.79,66.04962583694368,17.88
2026-05-29T15:09:33.867803,0,805.5311355311355,17.79,66.04962583694368,17.88
2026-05-29T15:09:34.869731,0,805.5311355311355,17.79,66.04962583694368,17.88
2026-05-29T15:09:35.873359,0,805.5311355311355,17.79,66.04962583694368,17.88
2026-05-29T15:09:36.875612,0,805.5311355311355,17.79,66.04962583694368,17.88
2026-05-29T15:09:37.877552,0,805.5311355311355,17.79,66.04962583694368,17.88
2026-05-29T15:09:38.879328,0,805.5311355311355,17.79,66.04962583694368,17.88
2026-05-29T15:09:39.883682,0,805.5311355311355,17.79,66.04962583694368,17.88
2026-05-29T15:09:40.888392,0,805.5311355311355,17.79,66.04962583694368,17.88
2026-05-29T15:09:41.890241,0,805.5311355311355,17.79,66.04962583694368,17.88
2026-05-29T15:09:42.892287,0,805.5311355311355,17.79,66.04962583694368,17.88
2026-05-29T15:09:43.894139,0,805.5311355311355,17.79,66.04962583694368,17.88
2026-05-29T15:09:44.896197,0,805.5311355311355,17.79,66.04962583694368,17.88
2026-05-29T15:09:45.898142,0,805.5311355311355,17.79,66.04962583694368,17.88
2026-05-29T15:09:46.900014,0,805.5311355311355,17.79,66.04962583694368,17.88
2026-05-29T15:09:47.902042,0,805.5311355311355,17.79,66.04962583694368,17.88
2026-05-29T15:09:48.904007,0,805.5311355311355,17.79,66.04962583694368,17.88
2026-05-29T15:09:49.906562,0,805.5311355311355,17.79,66.04962583694368,17.88
2026-05-29T15:09:50.914900,0,805.5311355311355,17.79,66.04962583694368,17.88
2026-05-29T15:09:51.924645,0,805.5311355311355,17.79,66.04962583694368,17.88
2026-05-29T15:09:52.934462,0,805.5311355311355,17.79,66.04962583694368,17.88
2026-05-29T15:09:53.944715,0,805.5311355311355,17.79,66.04962583694368,17.88
2026-05-29T15:09:54.952956,0,805.5311355311355,17.79,66.04962583694368,17.88
2026-05-29T15:09:55.954558,0,805.5311355311355,17.79,66.04962583694368,17.88
2026-05-29T15:09:56.964720,0,805.5311355311355,17.79,66.04962583694368,17.88
2026-05-29T15:09:57.974191,0,805.5311355311355,17.79,66.04962583694368,17.88
2026-05-29T15:09:58.983941,0,805.5311355311355,17.79,66.04962583694368,17.88
2026-05-29T15:09:59.985794,0,805.5311355311355,17.79,66.04962583694368,17.88
2026-05-29T15:10:00.988137,0,805.5311355311355,17.79,66.04962583694368,17.88
2026-05-29T15:10:01.990486,0,805.5311355311355,17.79,66.04962583694368,17.88
2026-05-29T15:10:02.992168,0,805.5311355311355,17.79,66.04962583694368,17.88
2026-05-29T15:10:03.994538,0,805.5311355311355,17.79,66.04962583694368,17.88
2026-05-29T15:10:04.996366,0,805.5311355311355,17.79,66.04962583694368,17.88
2026-05-29T15:10:05.998784,0,805.5311355311355,17.79,66.04962583694368,17.88
2026-05-29T15:10:07.001333,0,805.5311355311355,17.79,66.04962583694368,17.88
2026-05-29T15:10:08.004581,0,805.5311355311355,17.79,66.04962583694368,17.88
2026-05-29T15:10:09.006832,0,805.5311355311355,17.79,66.04962583694368,17.88
2026-05-29T15:10:10.009299,0,805.5311355311355,17.79,66.04962583694368,17.88
2026-05-29T15:10:11.010851,0,805.5311355311355,17.79,66.04962583694368,17.88
2026-05-29T15:10:12.013030,0,805.5311355311355,17.79,66.04962583694368,17.88
2026-05-29T15:10:13.015416,0,805.5311355311355,17.79,66.04962583694368,17.88
2026-05-29T15:10:14.017717,0,805.5311355311355,17.79,66.04962583694368,17.88
2026-05-29T15:10:15.020360,0,805.5311355311355,17.79,66.04962583694368,17.88
2026-05-29T15:10:16.022264,0,805.5311355311355,17.79,66.04962583694368,17.88
2026-05-29T15:10:17.024053,0,805.5311355311355,17.79,66.04962583694368,17.88
2026-05-29T15:10:18.026126,0,805.5311355311355,17.79,66.04962583694368,17.88
2026-05-29T15:10:19.036795,0,805.5311355311355,17.79,66.04962583694368,17.88
2026-05-29T15:10:20.046867,0,805.5311355311355,17.79,66.04962583694368,17.88
2026-05-29T15:10:21.048480,0,805.5311355311355,17.79,66.04962583694368,17.88
2026-05-29T15:10:22.050447,0,805.5311355311355,17.79,66.04962583694368,17.88
2026-05-29T15:10:23.052303,0,805.5311355311355,17.79,66.04962583694368,17.88
2026-05-29T15:10:24.054334,0,805.5311355311355,17.79,66.04962583694368,17.88
2026-05-29T15:10:25.056175,0,805.5311355311355,17.79,66.04962583694368,17.88
2026-05-29T15:10:26.058138,0,805.5311355311355,17.79,66.04962583694368,17.88
2026-05-29T15:10:27.060192,0,805.5311355311355,17.79,66.04962583694368,17.88
2026-05-29T15:10:28.062058,0,805.5311355311355,17.79,66.04962583694368,17.88
2026-05-29T15:10:29.063900,0,805.5311355311355,17.79,66.04962583694368,17.88
2026-05-29T15:10:30.066044,0,805.5311355311355,17.79,66.04962583694368,17.88
2026-05-29T15:10:31.067889,0,805.5311355311355,17.79,66.04962583694368,17.88
2026-05-29T15:10:32.069802,0,805.5311355311355,17.79,66.04962583694368,17.88
2026-05-29T15:10:33.071879,0,805.5311355311355,17.79,66.04962583694368,17.88
2026-05-29T15:10:34.073812,0,805.5311355311355,17.79,66.04962583694368,17.88
2026-05-29T15:10:35.075626,0,805.5311355311355,17.79,66.04962583694368,17.88
2026-05-29T15:10:36.077727,0,805.5311355311355,17.79,66.04962583694368,17.88
2026-05-29T15:10:37.079661,0,805.5311355311355,17.79,66.04962583694368,17.88
2026-05-29T15:10:38.081517,0,805.5311355311355,17.79,66.04962583694368,17.88
2026-05-29T15:10:39.083547,0,805.5311355311355,17.79,66.04962583694368,17.88
2026-05-29T15:10:40.085506,0,805.5311355311355,17.79,66.04962583694368,17.88
2026-05-29T15:10:41.087264,0,805.5311355311355,17.79,66.04962583694368,17.88
2026-05-29T15:10:42.089329,0,805.5311355311355,17.79,66.04962583694368,17.88
2026-05-29T15:10:43.091160,0,805.5311355311355,17.79,66.04962583694368,17.88
2026-05-29T15:10:44.093295,0,805.5311355311355,17.79,66.04962583694368,17.88
2026-05-29T15:10:45.095264,0,805.5311355311355,17.79,66.04962583694368,17.88
2026-05-29T15:10:46.097090,0,805.5311355311355,17.79,66.04962583694368,17.88
2026-05-29T15:10:47.099033,0,805.5311355311355,17.79,66.04962583694368,17.88
2026-05-29T15:10:48.101000,0,805.5311355311355,17.79,66.04962583694368,17.88
2026-05-29T15:10:49.103019,0,805.5311355311355,17.79,66.04962583694368,17.88
2026-05-29T15:10:50.104868,0,805.5311355311355,17.79,66.04962583694368,17.88
2026-05-29T15:10:51.106697,0,805.5311355311355,17.79,66.04962583694368,17.88
2026-05-29T15:10:52.108863,0,805.5311355311355,17.79,66.04962583694368,17.88
2026-05-29T15:10:53.110821,0,805.5311355311355,17.79,66.04962583694368,17.88
2026-05-29T15:10:54.112647,0,805.5311355311355,17.79,66.04962583694368,17.88
2026-05-29T15:10:55.114593,0,805.5311355311355,17.79,66.04962583694368,17.88
2026-05-29T15:10:56.116637,0,805.5311355311355,17.79,66.04962583694368,17.88
2026-05-29T15:10:57.118572,0,805.5311355311355,17.79,66.04962583694368,17.88
2026-05-29T15:10:58.120537,0,805.5311355311355,17.79,66.04962583694368,17.88
2026-05-29T15:10:59.122477,0,805.5311355311355,17.79,66.04962583694368,17.88
2026-05-29T15:11:00.124177,0,805.5311355311355,17.79,66.04962583694368,17.88
2026-05-29T15:11:01.126364,0,805.5311355311355,17.79,66.04962583694368,17.88
2026-05-29T15:11:02.128115,0,805.5311355311355,17.79,66.04962583694368,17.88
2026-05-29T15:11:03.130246,0,805.5311355311355,17.79,66.04962583694368,17.88
2026-05-29T15:11:04.132197,0,805.5311355311355,17.79,66.04962583694368,17.88
2026-05-29T15:11:05.134061,0,805.5311355311355,17.79,66.04962583694368,17.88
2026-05-29T15:11:06.136088,0,805.5311355311355,17.79,66.04962583694368,17.88
2026-05-29T15:11:07.138043,0,805.5311355311355,17.79,66.04962583694368,17.88
2026-05-29T15:11:08.139990,0,805.5311355311355,17.79,66.04962583694368,17.88
2026-05-29T15:11:09.141962,0,805.5311355311355,17.79,66.04962583694368,17.88
2026-05-29T15:11:10.143784,0,805.5311355311355,17.79,66.04962583694368,17.88
2026-05-29T15:11:11.145820,0,805.5311355311355,17.79,66.04962583694368,17.88
2026-05-29T15:11:12.147717,0,805.5311355311355,17.79,66.04962583694368,17.88
2026-05-29T15:11:13.149713,0,805.5311355311355,17.79,66.04962583694368,17.88
2026-05-29T15:11:14.151433,0,805.5311355311355,17.79,66.04962583694368,17.88
2026-05-29T15:11:15.154639,0,805.5311355311355,17.79,66.04962583694368,17.88
2026-05-29T15:11:16.156559,0,805.5311355311355,17.79,66.04962583694368,17.88
2026-05-29T15:11:17.158387,0,805.5311355311355,17.79,66.04962583694368,17.88
2026-05-29T15:11:18.160409,0,805.5311355311355,17.79,66.04962583694368,17.88
2026-05-29T15:11:19.162370,0,805.5311355311355,17.79,66.04962583694368,17.88
2026-05-29T15:11:20.164320,0,805.5311355311355,17.79,66.04962583694368,17.88
2026-05-29T15:11:21.166254,0,805.5311355311355,17.79,66.04962583694368,17.88
2026-05-29T15:11:22.168099,0,805.5311355311355,17.79,66.04962583694368,17.88
2026-05-29T15:11:23.170108,0,805.5311355311355,17.79,66.04962583694368,17.88
2026-05-29T15:11:24.172103,0,805.5311355311355,17.79,66.04962583694368,17.88
2026-05-29T15:11:25.174045,0,805.5311355311355,17.79,66.04962583694368,17.88
2026-05-29T15:11:26.175957,0,805.5311355311355,17.79,66.04962583694368,17.88
2026-05-29T15:11:27.177961,0,805.5311355311355,17.79,66.04962583694368,17.88
2026-05-29T15:11:28.179881,0,805.5311355311355,17.79,66.04962583694368,17.88
2026-05-29T15:11:29.181831,0,805.5311355311355,17.79,66.04962583694368,17.88
2026-05-29T15:11:30.183764,0,805.5311355311355,17.79,66.04962583694368,17.88
2026-05-29T15:11:31.185722,0,805.5311355311355,17.79,66.04962583694368,17.88
2026-05-29T15:11:32.187753,0,805.5311355311355,17.79,66.04962583694368,17.88
2026-05-29T15:11:33.189645,0,805.5311355311355,17.79,66.04962583694368,17.88
2026-05-29T15:11:34.191464,0,805.5311355311355,17.79,66.04962583694368,17.88
2026-05-29T15:11:35.193499,0,805.5311355311355,17.79,66.04962583694368,17.88
2026-05-29T15:11:36.195728,0,805.5311355311355,17.79,66.04962583694368,17.88
2026-05-29T15:11:37.197397,0,805.5311355311355,17.79,66.04962583694368,17.88
2026-05-29T15:11:38.199422,0,805.5311355311355,17.79,66.04962583694368,17.88
2026-05-29T15:11:39.201347,0,805.5311355311355,17.79,66.04962583694368,17.88
2026-05-29T15:11:40.203326,0,805.5311355311355,17.79,66.04962583694368,17.88
2026-05-29T15:11:41.205171,0,805.5311355311355,17.79,66.04962583694368,17.88
2026-05-29T15:11:42.207196,0,805.5311355311355,17.79,66.04962583694368,17.88
2026-05-29T15:11:43.208972,0,805.5311355311355,17.79,66.04962583694368,17.88
2026-05-29T15:11:44.211133,0,805.5311355311355,17.79,66.04962583694368,17.88
2026-05-29T15:11:45.212958,0,805.5311355311355,17.79,66.04962583694368,17.88
2026-05-29T15:11:46.214969,0,805.5311355311355,17.79,66.04962583694368,17.88
2026-05-29T15:11:47.216947,0,805.5311355311355,17.79,66.04962583694368,17.88
2026-05-29T15:11:48.218746,0,805.5311355311355,17.79,66.04962583694368,17.88
2026-05-29T15:11:49.220792,0,805.5311355311355,17.79,66.04962583694368,17.88
2026-05-29T15:11:50.222693,0,805.5311355311355,17.79,66.04962583694368,17.88
2026-05-29T15:11:51.224735,0,805.5311355311355,17.79,66.04962583694368,17.88
2026-05-29T15:11:52.226672,0,805.5311355311355,17.79,66.04962583694368,17.88
2026-05-29T15:11:53.228628,0,805.5311355311355,17.79,66.04962583694368,17.88
2026-05-29T15:11:54.230568,0,805.5311355311355,17.79,66.04962583694368,17.88
2026-05-29T15:11:55.232421,0,805.5311355311355,17.79,66.04962583694368,17.88
2026-05-29T15:11:56.234351,0,805.5311355311355,17.79,66.04962583694368,17.88
2026-05-29T15:11:57.236312,0,805.5311355311355,17.79,66.04962583694368,17.88
2026-05-29T15:11:58.238252,0,805.5311355311355,17.79,66.04962583694368,17.88
2026-05-29T15:11:59.240204,0,805.5311355311355,17.79,66.04962583694368,17.88
2026-05-29T15:12:00.242017,0,805.5311355311355,17.79,66.04962583694368,17.88
2026-05-29T15:12:01.244168,0,805.5311355311355,17.79,66.04962583694368,17.88
2026-05-29T15:12:02.245923,0,805.5311355311355,17.79,66.04962583694368,17.88
2026-05-29T15:12:03.247880,0,805.5311355311355,17.79,66.04962583694368,17.88
2026-05-29T15:12:04.250001,0,805.5311355311355,17.79,66.04962583694368,17.88
2026-05-29T15:12:05.251982,0,805.5311355311355,17.79,66.04962583694368,17.88
2026-05-29T15:12:06.254159,0,805.5311355311355,17.79,66.04962583694368,17.88
2026-05-29T15:12:07.255942,0,805.5311355311355,17.79,66.04962583694368,17.88
2026-05-29T15:12:08.257890,0,805.5311355311355,17.79,66.04962583694368,17.88
2026-05-29T15:12:09.259543,0,805.5311355311355,17.79,66.04962583694368,17.88
2026-05-29T15:12:10.261776,0,805.5311355311355,17.79,66.04962583694368,17.88
2026-05-29T15:12:11.263724,0,805.5311355311355,17.79,66.04962583694368,17.88
2026-05-29T15:12:12.265664,0,805.5311355311355,17.79,66.04962583694368,17.88
2026-05-29T15:12:13.267504,0,805.5311355311355,17.79,66.04962583694368,17.88
2026-05-29T15:12:14.269454,0,805.5311355311355,17.79,66.04962583694368,17.88
2026-05-29T15:12:15.271500,0,805.5311355311355,17.79,66.04962583694368,17.88
2026-05-29T15:12:16.273451,0,805.5311355311355,17.79,66.04962583694368,17.88
2026-05-29T15:12:17.275404,0,805.5311355311355,17.79,66.04962583694368,17.88
2026-05-29T15:12:18.277175,0,805.5311355311355,17.79,66.04962583694368,17.88
2026-05-29T15:12:19.280193,0,805.5311355311355,17.79,66.04962583694368,17.88
2026-05-29T15:12:20.282252,0,805.5311355311355,17.79,66.04962583694368,17.88
2026-05-29T15:12:21.284037,0,805.5311355311355,17.79,66.04962583694368,17.88
2026-05-29T15:12:22.285990,0,805.5311355311355,17.79,66.04962583694368,17.88
2026-05-29T15:12:23.288025,0,805.5311355311355,17.79,66.04962583694368,17.88
2026-05-29T15:12:24.289845,0,805.5311355311355,17.79,66.04962583694368,17.88
2026-05-29T15:12:25.291972,0,805.5311355311355,17.79,66.04962583694368,17.88
2026-05-29T15:12:26.293917,0,805.5311355311355,17.79,66.04962583694368,17.88
2026-05-29T15:12:27.296762,0,805.5311355311355,17.79,66.04962583694368,17.88
2026-05-29T15:12:28.298806,0,805.5311355311355,17.79,66.04962583694368,17.88
2026-05-29T15:12:29.300753,0,805.5311355311355,17.79,66.04962583694368,17.88
2026-05-29T15:12:30.302569,0,805.5311355311355,17.79,66.04962583694368,17.88
2026-05-29T15:12:31.304578,0,805.5311355311355,17.79,66.04962583694368,17.88
2026-05-29T15:12:32.306569,0,805.5311355311355,17.79,66.04962583694368,17.88
2026-05-29T15:12:33.308489,0,805.5311355311355,17.79,66.04962583694368,17.88
2026-05-29T15:12:34.310473,0,805.5311355311355,17.79,66.04962583694368,17.88
2026-05-29T15:12:35.312418,0,805.5311355311355,17.79,66.04962583694368,17.88
2026-05-29T15:12:36.314265,0,805.5311355311355,17.79,66.04962583694368,17.88
2026-05-29T15:12:37.316274,0,805.5311355311355,17.79,66.04962583694368,17.88
2026-05-29T15:12:38.318275,0,805.5311355311355,17.79,66.04962583694368,17.88
2026-05-29T15:12:39.320099,0,805.5311355311355,17.79,66.04962583694368,17.88
2026-05-29T15:12:40.321968,0,805.5311355311355,17.79,66.04962583694368,17.88
2026-05-29T15:12:41.323870,0,805.5311355311355,17.79,66.04962583694368,17.88
2026-05-29T15:12:42.326032,0,805.5311355311355,17.79,66.04962583694368,17.88
2026-05-29T15:12:43.327896,0,805.5311355311355,17.79,66.04962583694368,17.88
2026-05-29T15:12:44.329943,0,805.5311355311355,17.79,66.04962583694368,17.88
2026-05-29T15:12:45.331888,0,805.5311355311355,17.79,66.04962583694368,17.88
2026-05-29T15:12:46.333729,0,805.5311355311355,17.79,66.04962583694368,17.88
2026-05-29T15:12:47.335686,0,805.5311355311355,17.79,66.04962583694368,17.88
2026-05-29T15:12:48.337714,0,805.5311355311355,17.79,66.04962583694368,17.88
2026-05-29T15:12:49.339666,0,805.5311355311355,17.79,66.04962583694368,17.88
2026-05-29T15:12:50.341638,0,805.5311355311355,17.79,66.04962583694368,17.88
2026-05-29T15:12:51.343911,0,805.5311355311355,17.79,66.04962583694368,17.88
2026-05-29T15:12:52.346418,0,805.5311355311355,17.79,66.04962583694368,17.88
2026-05-29T15:12:53.348424,0,805.5311355311355,17.79,66.04962583694368,17.88
2026-05-29T15:12:54.350386,0,805.5311355311355,17.79,66.04962583694368,17.88
2026-05-29T15:12:55.352348,0,805.5311355311355,17.79,66.04962583694368,17.88
2026-05-29T15:12:56.354276,0,805.5311355311355,17.79,66.04962583694368,17.88
2026-05-29T15:12:57.356234,0,805.5311355311355,17.79,66.04962583694368,17.88
2026-05-29T15:12:58.358180,0,805.5311355311355,17.79,66.04962583694368,17.88
2026-05-29T15:12:59.360134,0,805.5311355311355,17.79,66.04962583694368,17.88
2026-05-29T15:13:00.362071,0,805.5311355311355,17.79,66.04962583694368,17.88
2026-05-29T15:13:01.363872,0,805.5311355311355,17.79,66.04962583694368,17.88
2026-05-29T15:13:02.365952,0,805.5311355311355,17.79,66.04962583694368,17.88
2026-05-29T15:13:03.367908,0,805.5311355311355,17.79,66.04962583694368,17.88
2026-05-29T15:13:04.369717,0,805.5311355311355,17.79,66.04962583694368,17.88
2026-05-29T15:13:05.371744,0,805.5311355311355,17.79,66.04962583694368,17.88
2026-05-29T15:13:06.373566,0,805.5311355311355,17.79,66.04962583694368,17.88
2026-05-29T15:13:07.375600,0,805.5311355311355,17.79,66.04962583694368,17.88
2026-05-29T15:13:08.377611,0,805.5311355311355,17.79,66.04962583694368,17.88
2026-05-29T15:13:09.379526,0,805.5311355311355,17.79,66.04962583694368,17.88
2026-05-29T15:13:10.381528,0,805.5311355311355,17.79,66.04962583694368,17.88
2026-05-29T15:13:11.383476,0,805.5311355311355,17.79,66.04962583694368,17.88
2026-05-29T15:13:12.385410,0,805.5311355311355,17.79,66.04962583694368,17.88
2026-05-29T15:13:13.387180,0,805.5311355311355,17.79,66.04962583694368,17.88
2026-05-29T15:13:14.389289,0,805.5311355311355,17.79,66.04962583694368,17.88
2026-05-29T15:13:15.391261,0,805.5311355311355,17.79,66.04962583694368,17.88
2026-05-29T15:13:16.393044,0,805.5311355311355,17.79,66.04962583694368,17.88
2026-05-29T15:13:17.395045,0,805.5311355311355,17.79,66.04962583694368,17.88
2026-05-29T15:13:18.396891,0,805.5311355311355,17.79,66.04962583694368,17.88
2026-05-29T15:13:19.398832,0,805.5311355311355,17.79,66.04962583694368,17.88
2026-05-29T15:13:20.400882,0,805.5311355311355,17.79,66.04962583694368,17.88
2026-05-29T15:13:21.402922,0,805.5311355311355,17.79,66.04962583694368,17.88
2026-05-29T15:13:22.405810,0,805.5311355311355,17.79,66.04962583694368,17.88
2026-05-29T15:13:23.407771,0,805.5311355311355,17.79,66.04962583694368,17.88
2026-05-29T15:13:24.409761,0,805.5311355311355,17.79,66.04962583694368,17.88
2026-05-29T15:13:25.411575,0,805.5311355311355,17.79,66.04962583694368,17.88
2026-05-29T15:13:26.413566,0,805.5311355311355,17.79,66.04962583694368,17.88
2026-05-29T15:13:27.415337,0,805.5311355311355,17.79,66.04962583694368,17.88
2026-05-29T15:13:28.417429,0,805.5311355311355,17.79,66.04962583694368,17.88
2026-05-29T15:13:29.419422,0,805.5311355311355,17.79,66.04962583694368,17.88
2026-05-29T15:13:30.421420,0,805.5311355311355,17.79,66.04962583694368,17.88
2026-05-29T15:13:31.423251,0,805.5311355311355,17.79,66.04962583694368,17.88
2026-05-29T15:13:32.425245,0,805.5311355311355,17.79,66.04962583694368,17.88
2026-05-29T15:13:33.427276,0,805.5311355311355,17.79,66.04962583694368,17.88
2026-05-29T15:13:34.429125,0,805.5311355311355,17.79,66.04962583694368,17.88
2026-05-29T15:13:35.431152,0,805.5311355311355,17.79,66.04962583694368,17.88
2026-05-29T15:13:36.433130,0,805.5311355311355,17.79,66.04962583694368,17.88
2026-05-29T15:13:37.435066,0,805.5311355311355,17.79,66.04962583694368,17.88
2026-05-29T15:13:38.436892,0,805.5311355311355,17.79,66.04962583694368,17.88
2026-05-29T15:13:39.438883,0,805.5311355311355,17.79,66.04962583694368,17.88
2026-05-29T15:13:40.440722,0,805.5311355311355,17.79,66.04962583694368,17.88
2026-05-29T15:13:41.442648,0,805.5311355311355,17.79,66.04962583694368,17.88
2026-05-29T15:13:42.444795,0,805.5311355311355,17.79,66.04962583694368,17.88
2026-05-29T15:13:43.446539,0,805.5311355311355,17.79,66.04962583694368,17.88
2026-05-29T15:13:44.448497,0,805.5311355311355,17.79,66.04962583694368,17.88
2026-05-29T15:13:45.450633,0,805.5311355311355,17.79,66.04962583694368,17.88
2026-05-29T15:13:46.452434,0,805.5311355311355,17.79,66.04962583694368,17.88
2026-05-29T15:13:47.454529,0,805.5311355311355,17.79,66.04962583694368,17.88
2026-05-29T15:13:48.456469,0,805.5311355311355,17.79,66.04962583694368,17.88
2026-05-29T15:13:49.458239,0,805.5311355311355,17.79,66.04962583694368,17.88
2026-05-29T15:13:50.460137,0,805.5311355311355,17.79,66.04962583694368,17.88
2026-05-29T15:13:51.462164,0,805.5311355311355,17.79,66.04962583694368,17.88
2026-05-29T15:13:52.464052,0,805.5311355311355,17.79,66.04962583694368,17.88
2026-05-29T15:13:53.465981,0,805.5311355311355,17.79,66.04962583694368,17.88
2026-05-29T15:13:54.467959,0,805.5311355311355,17.79,66.04962583694368,17.88
2026-05-29T15:13:55.469865,0,805.5311355311355,17.79,66.04962583694368,17.88
2026-05-29T15:13:56.471890,0,805.5311355311355,17.79,66.04962583694368,17.88
2026-05-29T15:13:57.473776,0,805.5311355311355,17.79,66.04962583694368,17.88
2026-05-29T15:13:58.475720,0,805.5311355311355,17.79,66.04962583694368,17.88
2026-05-29T15:13:59.477858,0,805.5311355311355,17.79,66.04962583694368,17.88
2026-05-29T15:14:00.480572,0,805.5311355311355,17.79,66.04962583694368,17.88
2026-05-29T15:14:01.482592,0,805.5311355311355,17.79,66.04962583694368,17.88
2026-05-29T15:14:02.484525,0,805.5311355311355,17.79,66.04962583694368,17.88
2026-05-29T15:14:03.486452,0,805.5311355311355,17.79,66.04962583694368,17.88
2026-05-29T15:14:04.488373,0,805.5311355311355,17.79,66.04962583694368,17.88
2026-05-29T15:14:05.490279,0,805.5311355311355,17.79,66.04962583694368,17.88
2026-05-29T15:14:06.492285,0,805.5311355311355,17.79,66.04962583694368,17.88
2026-05-29T15:14:07.495278,0,805.5311355311355,17.79,66.04962583694368,17.88
2026-05-29T15:14:08.502415,0,805.5311355311355,17.79,66.04962583694368,17.88
2026-05-29T15:14:09.505104,0,805.5311355311355,17.79,66.04962583694368,17.88
2026-05-29T15:14:10.507115,0,805.5311355311355,17.79,66.04962583694368,17.88
2026-05-29T15:14:11.509003,0,805.5311355311355,17.79,66.04962583694368,17.88
2026-05-29T15:14:12.510916,0,805.5311355311355,17.79,66.04962583694368,17.88
2026-05-29T15:14:13.512907,0,805.5311355311355,17.79,66.04962583694368,17.88
2026-05-29T15:14:14.514787,0,805.5311355311355,17.79,66.04962583694368,17.88
2026-05-29T15:14:15.516776,0,805.5311355311355,17.79,66.04962583694368,17.88
2026-05-29T15:14:16.519783,0,805.5311355311355,17.79,66.04962583694368,17.88
2026-05-29T15:14:17.521781,0,805.5311355311355,17.79,66.04962583694368,17.88
2026-05-29T15:14:18.523664,0,805.5311355311355,17.79,66.04962583694368,17.88
2026-05-29T15:14:19.525618,0,805.5311355311355,17.79,66.04962583694368,17.88
2026-05-29T15:14:20.528016,0,805.5311355311355,17.79,66.04962583694368,17.88
2026-05-29T15:14:21.530588,0,805.5311355311355,17.79,66.04962583694368,17.88
2026-05-29T15:14:22.532434,0,805.5311355311355,17.79,66.04962583694368,17.88
2026-05-29T15:14:23.534353,0,805.5311355311355,17.79,66.04962583694368,17.88
2026-05-29T15:14:24.540850,0,805.5311355311355,17.79,66.04962583694368,17.88
2026-05-29T15:14:25.543267,0,805.5311355311355,17.79,66.04962583694368,17.88
2026-05-29T15:14:26.545200,0,805.5311355311355,17.79,66.04962583694368,17.88
2026-05-29T15:14:27.547135,0,805.5311355311355,17.79,66.04962583694368,17.88
2026-05-29T15:14:28.549090,0,805.5311355311355,17.79,66.04962583694368,17.88
2026-05-29T15:14:29.604780,0,805.5311355311355,17.79,66.04962583694368,17.88
2026-05-29T15:14:30.650993,0,805.5311355311355,17.79,66.04962583694368,17.88
2026-05-29T15:14:31.653353,0,805.5311355311355,17.79,66.04962583694368,17.88
2026-05-29T15:14:32.656041,0,805.5311355311355,17.79,66.04962583694368,17.88
2026-05-29T15:14:33.658815,0,805.5311355311355,17.79,66.04962583694368,17.88
2026-05-29T15:14:34.663665,0,805.5311355311355,17.79,66.04962583694368,17.88
2026-05-29T15:14:35.668778,0,805.5311355311355,17.79,66.04962583694368,17.88
2026-05-29T15:14:36.671748,0,805.5311355311355,17.79,66.04962583694368,17.88
2026-05-29T15:14:37.674660,0,805.5311355311355,17.79,66.04962583694368,17.88
2026-05-29T15:14:38.676522,0,805.5311355311355,17.79,66.04962583694368,17.88
2026-05-29T15:14:39.679464,0,805.5311355311355,17.79,66.04962583694368,17.88
2026-05-29T15:14:40.682428,0,805.5311355311355,17.79,66.04962583694368,17.88
2026-05-29T15:14:41.685452,0,805.5311355311355,17.79,66.04962583694368,17.88
2026-05-29T15:14:42.688393,0,805.5311355311355,17.79,66.04962583694368,17.88
2026-05-29T15:14:43.690262,0,805.5311355311355,17.79,66.04962583694368,17.88
2026-05-29T15:14:44.692185,0,805.5311355311355,17.79,66.04962583694368,17.88
2026-05-29T15:14:45.694100,0,805.5311355311355,17.79,66.04962583694368,17.88
2026-05-29T15:14:46.696086,0,805.5311355311355,17.79,66.04962583694368,17.88
2026-05-29T15:14:47.698037,0,805.5311355311355,17.79,66.04962583694368,17.88
2026-05-29T15:14:48.700012,0,805.5311355311355,17.79,66.04962583694368,17.88
2026-05-29T15:14:49.702003,0,805.5311355311355,17.79,66.04962583694368,17.88
2026-05-29T15:14:50.711947,0,805.5311355311355,17.79,66.04962583694368,17.88
2026-05-29T15:14:51.713831,0,805.5311355311355,17.79,66.04962583694368,17.88
2026-05-29T15:14:52.715728,0,805.5311355311355,17.79,66.04962583694368,17.88
2026-05-29T15:14:53.717717,0,805.5311355311355,17.79,66.04962583694368,17.88
2026-05-29T15:14:54.719643,0,805.5311355311355,17.79,66.04962583694368,17.88
2026-05-29T15:14:55.722569,0,805.5311355311355,17.79,66.04962583694368,17.88
2026-05-29T15:14:56.724558,0,805.5311355311355,17.79,66.04962583694368,17.88
2026-05-29T15:14:57.726510,0,805.5311355311355,17.79,66.04962583694368,17.88
2026-05-29T15:14:58.729402,0,805.5311355311355,17.79,66.04962583694368,17.88
2026-05-29T15:14:59.731522,0,805.5311355311355,17.79,66.04962583694368,17.88
2026-05-29T15:15:00.736205,0,805.5311355311355,17.79,66.04962583694368,17.88
2026-05-29T15:15:01.738289,0,805.5311355311355,17.79,66.04962583694368,17.88
2026-05-29T15:15:02.740251,0,805.5311355311355,17.79,66.04962583694368,17.88
2026-05-29T15:15:03.742486,0,805.5311355311355,17.79,66.04962583694368,17.88
2026-05-29T15:15:04.745109,0,805.5311355311355,17.79,66.04962583694368,17.88
2026-05-29T15:15:05.747293,0,805.5311355311355,17.79,66.04962583694368,17.88
2026-05-29T15:15:06.749248,0,805.5311355311355,17.79,66.04962583694368,17.88
2026-05-29T15:15:07.751094,0,805.5311355311355,17.79,66.04962583694368,17.88
2026-05-29T15:15:08.753132,0,805.5311355311355,17.79,66.04962583694368,17.88
2026-05-29T15:15:09.755050,0,805.5311355311355,17.79,66.04962583694368,17.88
2026-05-29T15:15:10.757027,0,805.5311355311355,17.79,66.04962583694368,17.88
2026-05-29T15:15:11.758968,0,805.5311355311355,17.79,66.04962583694368,17.88
2026-05-29T15:15:12.760737,0,805.5311355311355,17.79,66.04962583694368,17.88
2026-05-29T15:15:13.762803,0,805.5311355311355,17.79,66.04962583694368,17.88
2026-05-29T15:15:14.764717,0,805.5311355311355,17.79,66.04962583694368,17.88
2026-05-29T15:15:15.766579,0,805.5311355311355,17.79,66.04962583694368,17.88
2026-05-29T15:15:16.768599,0,805.5311355311355,17.79,66.04962583694368,17.88
2026-05-29T15:15:17.770539,0,805.5311355311355,17.79,66.04962583694368,17.88
2026-05-29T15:15:18.772590,0,805.5311355311355,17.79,66.04962583694368,17.88
2026-05-29T15:15:19.774356,0,805.5311355311355,17.79,66.04962583694368,17.88
2026-05-29T15:15:20.776479,0,805.5311355311355,17.79,66.04962583694368,17.88
2026-05-29T15:15:21.778424,0,805.5311355311355,17.79,66.04962583694368,17.88
2026-05-29T15:15:22.780376,0,805.5311355311355,17.79,66.04962583694368,17.88
2026-05-29T15:15:23.782291,0,805.5311355311355,17.79,66.04962583694368,17.88
2026-05-29T15:15:24.784265,0,805.5311355311355,17.79,66.04962583694368,17.88
2026-05-29T15:15:25.786114,0,805.5311355311355,17.79,66.04962583694368,17.88
2026-05-29T15:15:26.788158,0,805.5311355311355,17.79,66.04962583694368,17.88
2026-05-29T15:15:27.790104,0,805.5311355311355,17.79,66.04962583694368,17.88
2026-05-29T15:15:28.792073,0,805.5311355311355,17.79,66.04962583694368,17.88
2026-05-29T15:15:29.793747,0,805.5311355311355,17.79,66.04962583694368,17.88
2026-05-29T15:15:30.796843,0,805.5311355311355,17.79,66.04962583694368,17.88
2026-05-29T15:15:31.798691,0,805.5311355311355,17.79,66.04962583694368,17.88
2026-05-29T15:15:32.800586,0,805.5311355311355,17.79,66.04962583694368,17.88
2026-05-29T15:15:33.802625,0,805.5311355311355,17.79,66.04962583694368,17.88
2026-05-29T15:15:34.804621,0,805.5311355311355,17.79,66.04962583694368,17.88
2026-05-29T15:15:35.806571,0,805.5311355311355,17.79,66.04962583694368,17.88
2026-05-29T15:15:36.808486,0,805.5311355311355,17.79,66.04962583694368,17.88
2026-05-29T15:15:37.810559,0,805.5311355311355,17.79,66.04962583694368,17.88
2026-05-29T15:15:38.812524,0,805.5311355311355,17.79,66.04962583694368,17.88
2026-05-29T15:15:39.814407,0,805.5311355311355,17.79,66.04962583694368,17.88
2026-05-29T15:15:40.816424,0,805.5311355311355,17.79,66.04962583694368,17.88
2026-05-29T15:15:41.818285,0,805.5311355311355,17.79,66.04962583694368,17.88
2026-05-29T15:15:42.820273,0,805.5311355311355,17.79,66.04962583694368,17.88
2026-05-29T15:15:43.823037,0,805.5311355311355,17.79,66.04962583694368,17.88
2026-05-29T15:15:44.824990,0,805.5311355311355,17.79,66.04962583694368,17.88
2026-05-29T15:15:45.826923,0,805.5311355311355,17.79,66.04962583694368,17.88
2026-05-29T15:15:46.828907,0,805.5311355311355,17.79,66.04962583694368,17.88
2026-05-29T15:15:47.830823,0,805.5311355311355,17.79,66.04962583694368,17.88
2026-05-29T15:15:48.832750,0,805.5311355311355,17.79,66.04962583694368,17.88
2026-05-29T15:15:49.834778,0,805.5311355311355,17.79,66.04962583694368,17.88
2026-05-29T15:15:50.837747,0,805.5311355311355,17.79,66.04962583694368,17.88
2026-05-29T15:15:51.839663,0,805.5311355311355,17.79,66.04962583694368,17.88
2026-05-29T15:15:52.842556,0,805.5311355311355,17.79,66.04962583694368,17.88
2026-05-29T15:15:53.844506,0,805.5311355311355,17.79,66.04962583694368,17.88
2026-05-29T15:15:54.846426,0,805.5311355311355,17.79,66.04962583694368,17.88
2026-05-29T15:15:55.848453,0,805.5311355311355,17.79,66.04962583694368,17.88
2026-05-29T15:15:56.850354,0,805.5311355311355,17.79,66.04962583694368,17.88
2026-05-29T15:15:57.853319,0,805.5311355311355,17.79,66.04962583694368,17.88
2026-05-29T15:15:58.855278,0,805.5311355311355,17.79,66.04962583694368,17.88
2026-05-29T15:15:59.857225,0,805.5311355311355,17.79,66.04962583694368,17.88
2026-05-29T15:16:00.859114,0,805.5311355311355,17.79,66.04962583694368,17.88
2026-05-29T15:16:01.861134,0,805.5311355311355,17.79,66.04962583694368,17.88
2026-05-29T15:16:02.864008,0,805.5311355311355,17.79,66.04962583694368,17.88
2026-05-29T15:16:03.865968,0,805.5311355311355,17.79,66.04962583694368,17.88
2026-05-29T15:16:04.867900,0,805.5311355311355,17.79,66.04962583694368,17.88
2026-05-29T15:16:05.869834,0,805.5311355311355,17.79,66.04962583694368,17.88
2026-05-29T15:16:06.871874,0,805.5311355311355,17.79,66.04962583694368,17.88
2026-05-29T15:16:07.874402,0,805.5311355311355,17.79,66.04962583694368,17.88
2026-05-29T15:16:08.880745,0,805.5311355311355,17.79,66.04962583694368,17.88
2026-05-29T15:16:09.882689,0,805.5311355311355,17.79,66.04962583694368,17.88
2026-05-29T15:16:10.884588,0,805.5311355311355,17.79,66.04962583694368,17.88
2026-05-29T15:16:11.886574,0,805.5311355311355,17.79,66.04962583694368,17.88
2026-05-29T15:16:12.888524,0,805.5311355311355,17.79,66.04962583694368,17.88
2026-05-29T15:16:13.890464,0,805.5311355311355,17.79,66.04962583694368,17.88
2026-05-29T15:16:14.892370,0,805.5311355311355,17.79,66.04962583694368,17.88
2026-05-29T15:16:15.894295,0,805.5311355311355,17.79,66.04962583694368,17.88
2026-05-29T15:16:16.896272,0,805.5311355311355,17.79,66.04962583694368,17.88
2026-05-29T15:16:17.899204,0,805.5311355311355,17.79,66.04962583694368,17.88
2026-05-29T15:16:18.901191,0,805.5311355311355,17.79,66.04962583694368,17.88
2026-05-29T15:16:19.903192,0,805.5311355311355,17.79,66.04962583694368,17.88
2026-05-29T15:16:20.907057,0,805.5311355311355,17.79,66.04962583694368,17.88
2026-05-29T15:16:21.909405,0,805.5311355311355,17.79,66.04962583694368,17.88
2026-05-29T15:16:22.912045,0,805.5311355311355,17.79,66.04962583694368,17.88
2026-05-29T15:16:23.913941,0,805.5311355311355,17.79,66.04962583694368,17.88
2026-05-29T15:16:24.916797,0,805.5311355311355,17.79,66.04962583694368,17.88
2026-05-29T15:16:25.972706,0,805.5311355311355,17.79,66.04962583694368,17.88
2026-05-29T15:16:27.005718,0,805.5311355311355,17.79,66.04962583694368,17.88
2026-05-29T15:16:28.008658,0,805.5311355311355,17.79,66.04962583694368,17.88
2026-05-29T15:16:29.011732,0,805.5311355311355,17.79,66.04962583694368,17.88
2026-05-29T15:16:30.013622,0,805.5311355311355,17.79,66.04962583694368,17.88
2026-05-29T15:16:31.017481,0,805.5311355311355,17.79,66.04962583694368,17.88
2026-05-29T15:16:32.019534,0,805.5311355311355,17.79,66.04962583694368,17.88
2026-05-29T15:16:33.026640,0,805.5311355311355,17.79,66.04962583694368,17.88
2026-05-29T15:16:34.029307,0,805.5311355311355,17.79,66.04962583694368,17.88
2026-05-29T15:16:35.031272,0,805.5311355311355,17.79,66.04962583694368,17.88
2026-05-29T15:16:36.033265,0,805.5311355311355,17.79,66.04962583694368,17.88
2026-05-29T15:16:37.035227,0,805.5311355311355,17.79,66.04962583694368,17.88
2026-05-29T15:16:38.037080,0,805.5311355311355,17.79,66.04962583694368,17.88
2026-05-29T15:16:39.039135,0,805.5311355311355,17.79,66.04962583694368,17.88
2026-05-29T15:16:40.041039,0,805.5311355311355,17.79,66.04962583694368,17.88
2026-05-29T15:16:41.042994,0,805.5311355311355,17.79,66.04962583694368,17.88
2026-05-29T15:16:42.046013,0,805.5311355311355,17.79,66.04962583694368,17.88
2026-05-29T15:16:43.048837,0,805.5311355311355,17.79,66.04962583694368,17.88
2026-05-29T15:16:44.050836,0,805.5311355311355,17.79,66.04962583694368,17.88
2026-05-29T15:16:45.052778,0,805.5311355311355,17.79,66.04962583694368,17.88
2026-05-29T15:16:46.054658,0,805.5311355311355,17.79,66.04962583694368,17.88
2026-05-29T15:16:47.056619,0,805.5311355311355,17.79,66.04962583694368,17.88
2026-05-29T15:16:48.058565,0,805.5311355311355,17.79,66.04962583694368,17.88
2026-05-29T15:16:49.060506,0,805.5311355311355,17.79,66.04962583694368,17.88
2026-05-29T15:16:50.063442,0,805.5311355311355,17.79,66.04962583694368,17.88
2026-05-29T15:16:51.065390,0,805.5311355311355,17.79,66.04962583694368,17.88
2026-05-29T15:16:52.068352,0,805.5311355311355,17.79,66.04962583694368,17.88
2026-05-29T15:16:53.070307,0,805.5311355311355,17.79,66.04962583694368,17.88
2026-05-29T15:16:54.073250,0,805.5311355311355,17.79,66.04962583694368,17.88
2026-05-29T15:16:55.076171,0,805.5311355311355,17.79,66.04962583694368,17.88
2026-05-29T15:16:56.078141,0,805.5311355311355,17.79,66.04962583694368,17.88
2026-05-29T15:16:57.079587,0,805.5311355311355,17.79,66.04962583694368,17.88
2026-05-29T15:16:58.081585,0,805.5311355311355,17.79,66.04962583694368,17.88
2026-05-29T15:16:59.083554,0,805.5311355311355,17.79,66.04962583694368,17.88
2026-05-29T15:17:00.085422,0,805.5311355311355,17.79,66.04962583694368,17.88
2026-05-29T15:17:01.088460,0,805.5311355311355,17.79,66.04962583694368,17.88
2026-05-29T15:17:02.091352,0,805.5311355311355,17.79,66.04962583694368,17.88
2026-05-29T15:17:03.093244,0,805.5311355311355,17.79,66.04962583694368,17.88
2026-05-29T15:17:04.097202,0,805.5311355311355,17.79,66.04962583694368,17.88
2026-05-29T15:17:05.099420,0,805.5311355311355,17.79,66.04962583694368,17.88
2026-05-29T15:17:06.103163,0,805.5311355311355,17.79,66.04962583694368,17.88
2026-05-29T15:17:07.105038,0,805.5311355311355,17.79,66.04962583694368,17.88
2026-05-29T15:17:08.106995,0,805.5311355311355,17.79,66.04962583694368,17.88
2026-05-29T15:17:09.109023,0,805.5311355311355,17.79,66.04962583694368,17.88
2026-05-29T15:17:10.111734,0,805.5311355311355,17.79,66.04962583694368,17.88
2026-05-29T15:17:11.116846,0,805.5311355311355,17.79,66.04962583694368,17.88
2026-05-29T15:17:12.118862,0,805.5311355311355,17.79,66.04962583694368,17.88
2026-05-29T15:17:13.196553,0,805.5311355311355,17.79,66.04962583694368,17.88
2026-05-29T15:17:14.285525,0,805.5311355311355,17.79,66.04962583694368,17.88
2026-05-29T15:17:15.309887,0,805.5311355311355,17.79,66.04962583694368,17.88
2026-05-29T15:17:16.312643,0,805.5311355311355,17.79,66.04962583694368,17.88
2026-05-29T15:17:17.314601,0,805.5311355311355,17.79,66.04962583694368,17.88
2026-05-29T15:17:18.317513,0,805.5311355311355,17.79,66.04962583694368,17.88
2026-05-29T15:17:19.319480,0,805.5311355311355,17.79,66.04962583694368,17.88
2026-05-29T15:17:20.321348,0,805.5311355311355,17.79,66.04962583694368,17.88
2026-05-29T15:17:21.323316,0,805.5311355311355,17.79,66.04962583694368,17.88
2026-05-29T15:17:22.325259,0,805.5311355311355,17.79,66.04962583694368,17.88
2026-05-29T15:17:23.327177,0,805.5311355311355,17.79,66.04962583694368,17.88
2026-05-29T15:17:24.330177,0,805.5311355311355,17.79,66.04962583694368,17.88
2026-05-29T15:17:25.333141,0,805.5311355311355,17.79,66.04962583694368,17.88
2026-05-29T15:17:26.335054,0,805.5311355311355,17.79,66.04962583694368,17.88
2026-05-29T15:17:27.338078,0,805.5311355311355,17.79,66.04962583694368,17.88
2026-05-29T15:17:28.340928,0,805.5311355311355,17.79,66.04962583694368,17.88
2026-05-29T15:17:29.343915,0,805.5311355311355,17.79,66.04962583694368,17.88
2026-05-29T15:17:30.345824,0,805.5311355311355,17.79,66.04962583694368,17.88
2026-05-29T15:17:31.348849,0,805.5311355311355,17.79,66.04962583694368,17.88
2026-05-29T15:17:32.350782,0,805.5311355311355,17.79,66.04962583694368,17.88
2026-05-29T15:17:33.353664,0,805.5311355311355,17.79,66.04962583694368,17.88
2026-05-29T15:17:34.356610,0,805.5311355311355,17.79,66.04962583694368,17.88
2026-05-29T15:17:35.358544,0,805.5311355311355,17.79,66.04962583694368,17.88
2026-05-29T15:17:36.361531,0,805.5311355311355,17.79,66.04962583694368,17.88
2026-05-29T15:17:37.363541,0,805.5311355311355,17.79,66.04962583694368,17.88
2026-05-29T15:17:38.365473,0,805.5311355311355,17.79,66.04962583694368,17.88
2026-05-29T15:17:39.367330,0,805.5311355311355,17.79,66.04962583694368,17.88
2026-05-29T15:17:40.369250,0,805.5311355311355,17.79,66.04962583694368,17.88
2026-05-29T15:17:41.371225,0,805.5311355311355,17.79,66.04962583694368,17.88
2026-05-29T15:17:42.373287,0,805.5311355311355,17.79,66.04962583694368,17.88
2026-05-29T15:17:43.376096,0,805.5311355311355,17.79,66.04962583694368,17.88
2026-05-29T15:17:44.378069,0,805.5311355311355,17.79,66.04962583694368,17.88
2026-05-29T15:17:45.379998,0,805.5311355311355,17.79,66.04962583694368,17.88
2026-05-29T15:17:46.382030,0,805.5311355311355,17.79,66.04962583694368,17.88
2026-05-29T15:17:47.383894,0,805.5311355311355,17.79,66.04962583694368,17.88
2026-05-29T15:17:48.385918,0,805.5311355311355,17.79,66.04962583694368,17.88
2026-05-29T15:17:49.387933,0,805.5311355311355,17.79,66.04962583694368,17.88
2026-05-29T15:17:50.390213,0,805.5311355311355,17.79,66.04962583694368,17.88
2026-05-29T15:17:51.392285,0,805.5311355311355,17.79,66.04962583694368,17.88
2026-05-29T15:17:52.394126,0,805.5311355311355,17.79,66.04962583694368,17.88
2026-05-29T15:17:53.396096,0,805.5311355311355,17.79,66.04962583694368,17.88
2026-05-29T15:17:54.399155,0,805.5311355311355,17.79,66.04962583694368,17.88
2026-05-29T15:17:55.401991,0,805.5311355311355,17.79,66.04962583694368,17.88
2026-05-29T15:17:56.403991,0,805.5311355311355,17.79,66.04962583694368,17.88
2026-05-29T15:17:57.406038,0,805.5311355311355,17.79,66.04962583694368,17.88
2026-05-29T15:17:58.408827,0,805.5311355311355,17.79,66.04962583694368,17.88
2026-05-29T15:17:59.410741,0,805.5311355311355,17.79,66.04962583694368,17.88
2026-05-29T15:18:00.413794,0,805.5311355311355,17.79,66.04962583694368,17.88
2026-05-29T15:18:01.415702,0,805.5311355311355,17.79,66.04962583694368,17.88
2026-05-29T15:18:02.417589,0,805.5311355311355,17.79,66.04962583694368,17.88
2026-05-29T15:18:03.419519,0,805.5311355311355,17.79,66.04962583694368,17.88
2026-05-29T15:18:04.421477,0,805.5311355311355,17.79,66.04962583694368,17.88
2026-05-29T15:18:05.423612,0,805.5311355311355,17.79,66.04962583694368,17.88
2026-05-29T15:18:06.426401,0,805.5311355311355,17.79,66.04962583694368,17.88
2026-05-29T15:18:07.428348,0,805.5311355311355,17.79,66.04962583694368,17.88
2026-05-29T15:18:08.430349,0,805.5311355311355,17.79,66.04962583694368,17.88
2026-05-29T15:18:09.432357,0,805.5311355311355,17.79,66.04962583694368,17.88
2026-05-29T15:18:10.435182,0,805.5311355311355,17.79,66.04962583694368,17.88
2026-05-29T15:18:11.437128,0,805.5311355311355,17.79,66.04962583694368,17.88
2026-05-29T15:18:12.439012,0,805.5311355311355,17.79,66.04962583694368,17.88
2026-05-29T15:18:13.441009,0,805.5311355311355,17.79,66.04962583694368,17.88
2026-05-29T15:18:14.443016,0,805.5311355311355,17.79,66.04962583694368,17.88
2026-05-29T15:18:15.445966,0,805.5311355311355,17.79,66.04962583694368,17.88
2026-05-29T15:18:16.447817,0,805.5311355311355,17.79,66.04962583694368,17.88
2026-05-29T15:18:17.449795,0,805.5311355311355,17.79,66.04962583694368,17.88
2026-05-29T15:18:18.451826,0,805.5311355311355,17.79,66.04962583694368,17.88
2026-05-29T15:18:19.453694,0,805.5311355311355,17.79,66.04962583694368,17.88
2026-05-29T15:18:20.456666,0,805.5311355311355,17.79,66.04962583694368,17.88
2026-05-29T15:18:21.458645,0,805.5311355311355,17.79,66.04962583694368,17.88
2026-05-29T15:18:22.460580,0,805.5311355311355,17.79,66.04962583694368,17.88
2026-05-29T15:18:23.462547,0,805.5311355311355,17.79,66.04962583694368,17.88
2026-05-29T15:18:24.464375,0,805.5311355311355,17.79,66.04962583694368,17.88
2026-05-29T15:18:25.466344,0,805.5311355311355,17.79,66.04962583694368,17.88
2026-05-29T15:18:26.469354,0,805.5311355311355,17.79,66.04962583694368,17.88
2026-05-29T15:18:27.471230,0,805.5311355311355,17.79,66.04962583694368,17.88
2026-05-29T15:18:28.474204,0,805.5311355311355,17.79,66.04962583694368,17.88
2026-05-29T15:18:29.476101,0,805.5311355311355,17.79,66.04962583694368,17.88
2026-05-29T15:18:30.479088,0,805.5311355311355,17.79,66.04962583694368,17.88
2026-05-29T15:18:31.482012,0,805.5311355311355,17.79,66.04962583694368,17.88
2026-05-29T15:18:32.486977,0,805.5311355311355,17.79,66.04962583694368,17.88
2026-05-29T15:18:33.488974,0,805.5311355311355,17.79,66.04962583694368,17.88
2026-05-29T15:18:34.491951,0,805.5311355311355,17.79,66.04962583694368,17.88
2026-05-29T15:18:35.494870,0,805.5311355311355,17.79,66.04962583694368,17.88
2026-05-29T15:18:36.496721,0,805.5311355311355,17.79,66.04962583694368,17.88
2026-05-29T15:18:37.498653,0,805.5311355311355,17.79,66.04962583694368,17.88
2026-05-29T15:18:38.500611,0,805.5311355311355,17.79,66.04962583694368,17.88
2026-05-29T15:18:39.502680,0,805.5311355311355,17.79,66.04962583694368,17.88
2026-05-29T15:18:40.504575,0,805.5311355311355,17.79,66.04962583694368,17.88
2026-05-29T15:18:41.506473,0,805.5311355311355,17.79,66.04962583694368,17.88
2026-05-29T15:18:42.508418,0,805.5311355311355,17.79,66.04962583694368,17.88
2026-05-29T15:18:43.510383,0,805.5311355311355,17.79,66.04962583694368,17.88
2026-05-29T15:18:44.512305,0,805.5311355311355,17.79,66.04962583694368,17.88
2026-05-29T15:18:45.514237,0,805.5311355311355,17.79,66.04962583694368,17.88
2026-05-29T15:18:46.516190,0,805.5311355311355,17.79,66.04962583694368,17.88
2026-05-29T15:18:47.518129,0,805.5311355311355,17.79,66.04962583694368,17.88
2026-05-29T15:18:48.520639,0,805.5311355311355,17.79,66.04962583694368,17.88
2026-05-29T15:18:49.524052,0,805.5311355311355,17.79,66.04962583694368,17.88
2026-05-29T15:18:50.526001,0,805.5311355311355,17.79,66.04962583694368,17.88
2026-05-29T15:18:51.527917,0,805.5311355311355,17.79,66.04962583694368,17.88
2026-05-29T15:18:52.531345,0,805.5311355311355,17.79,66.04962583694368,17.88
2026-05-29T15:18:53.532841,0,805.5311355311355,17.79,66.04962583694368,17.88
2026-05-29T15:18:54.534803,0,805.5311355311355,17.79,66.04962583694368,17.88
2026-05-29T15:18:55.536787,0,805.5311355311355,17.79,66.04962583694368,17.88
2026-05-29T15:18:56.538694,0,805.5311355311355,17.79,66.04962583694368,17.88
2026-05-29T15:18:57.540696,0,805.5311355311355,17.79,66.04962583694368,17.88
2026-05-29T15:18:58.542599,0,805.5311355311355,17.79,66.04962583694368,17.88
2026-05-29T15:18:59.544526,0,805.5311355311355,17.79,66.04962583694368,17.88
2026-05-29T15:19:00.546537,0,805.5311355311355,17.79,66.04962583694368,17.88
2026-05-29T15:19:01.548433,0,805.5311355311355,17.79,66.04962583694368,17.88
2026-05-29T15:19:02.550325,0,805.5311355311355,17.79,66.04962583694368,17.88
2026-05-29T15:19:03.553239,0,805.5311355311355,17.79,66.04962583694368,17.88
2026-05-29T15:19:04.555261,0,805.5311355311355,17.79,66.04962583694368,17.88
2026-05-29T15:19:05.557200,0,805.5311355311355,17.79,66.04962583694368,17.88
2026-05-29T15:19:06.559165,0,805.5311355311355,17.79,66.04962583694368,17.88
2026-05-29T15:19:07.561434,0,805.5311355311355,17.79,66.04962583694368,17.88
2026-05-29T15:19:08.564229,0,805.5311355311355,17.79,66.04962583694368,17.88
2026-05-29T15:19:09.566191,0,805.5311355311355,17.79,66.04962583694368,17.88
2026-05-29T15:19:10.568580,0,805.5311355311355,17.79,66.04962583694368,17.88
2026-05-29T15:19:11.570527,0,805.5311355311355,17.79,66.04962583694368,17.88
2026-05-29T15:19:12.815073,0,805.5311355311355,17.79,66.04962583694368,17.88
2026-05-29T15:19:13.947254,0,805.5311355311355,17.79,66.04962583694368,17.88
2026-05-29T15:19:14.982029,0,805.5311355311355,17.79,66.04962583694368,17.88
2026-05-29T15:19:15.997076,0,805.5311355311355,17.79,66.04962583694368,17.88
2026-05-29T15:19:16.998950,0,805.5311355311355,17.79,66.04962583694368,17.88
2026-05-29T15:19:18.001378,0,805.5311355311355,17.79,66.04962583694368,17.88
2026-05-29T15:19:42.983015,0,805.5311355311355,17.79,66.04962583694368,17.88
2026-05-29T15:19:43.985769,0,805.5311355311355,17.79,66.04962583694368,17.88
2026-05-29T15:19:44.987164,0,805.5311355311355,17.79,66.04962583694368,17.88
2026-05-29T15:19:45.989717,0,805.5311355311355,17.79,66.04962583694368,17.88
2026-05-29T15:19:46.992684,0,805.5311355311355,17.79,66.04962583694368,17.88
2026-05-29T15:19:47.994856,0,805.5311355311355,17.79,66.04962583694368,17.88
2026-05-29T15:19:48.996915,0,805.5311355311355,17.79,66.04962583694368,17.88
2026-05-29T15:19:49.998676,0,805.5311355311355,17.79,66.04962583694368,17.88
2026-05-29T15:19:51.000196,0,805.5311355311355,17.79,66.04962583694368,17.88
2026-05-29T15:19:52.003109,0,805.5311355311355,17.79,66.04962583694368,17.88
2026-05-29T15:19:53.005027,0,805.5311355311355,17.79,66.04962583694368,17.88
2026-05-29T15:19:54.089277,0,805.5311355311355,17.79,66.04962583694368,17.88
2026-05-29T15:19:55.108057,0,805.5311355311355,17.79,66.04962583694368,17.88
2026-05-29T15:19:56.112277,0,805.5311355311355,17.79,66.04962583694368,17.88
2026-05-29T15:19:57.114690,0,805.5311355311355,17.79,66.04962583694368,17.88
2026-05-29T15:19:58.117194,0,805.5311355311355,17.79,66.04962583694368,17.88
2026-05-29T15:19:59.119050,0,805.5311355311355,17.79,66.04962583694368,17.88
2026-05-29T15:20:00.121991,0,805.5311355311355,17.79,66.04962583694368,17.88
2026-05-29T15:20:01.124767,0,805.5311355311355,17.79,66.04962583694368,17.88
2026-05-29T15:20:02.126413,0,805.5311355311355,17.79,66.04962583694368,17.88
2026-05-29T15:20:03.128170,0,805.5311355311355,17.79,66.04962583694368,17.88
2026-05-29T15:20:04.139690,0,805.5311355311355,17.79,66.04962583694368,17.88
2026-05-29T15:20:05.150393,0,805.5311355311355,17.79,66.04962583694368,17.88
2026-05-29T15:20:06.153555,0,805.5311355311355,17.79,66.04962583694368,17.88
2026-05-29T15:20:07.155897,0,805.5311355311355,17.79,66.04962583694368,17.88
2026-05-29T15:20:08.158016,0,805.5311355311355,17.79,66.04962583694368,17.88
2026-05-29T15:20:09.159462,0,805.5311355311355,17.79,66.04962583694368,17.88
2026-05-29T15:20:10.161573,0,805.5311355311355,17.79,66.04962583694368,17.88
2026-05-29T15:20:11.164185,0,805.5311355311355,17.79,66.04962583694368,17.88
2026-05-29T15:20:12.166294,0,805.5311355311355,17.79,66.04962583694368,17.88
2026-05-29T15:20:13.169408,0,805.5311355311355,17.79,66.04962583694368,17.88
2026-05-29T15:20:14.171146,0,805.5311355311355,17.79,66.04962583694368,17.88
2026-05-29T15:20:15.173637,0,805.5311355311355,17.79,66.04962583694368,17.88
2026-05-29T15:20:16.175418,0,805.5311355311355,17.79,66.04962583694368,17.88
2026-05-29T15:20:17.177056,0,805.5311355311355,17.79,66.04962583694368,17.88
2026-05-29T15:20:18.179185,0,805.5311355311355,17.79,66.04962583694368,17.88
2026-05-29T15:20:19.181262,0,805.5311355311355,17.79,66.04962583694368,17.88
2026-05-29T15:20:20.182946,0,805.5311355311355,17.79,66.04962583694368,17.88
2026-05-29T15:20:21.184612,0,805.5311355311355,17.79,66.04962583694368,17.88
2026-05-29T15:20:22.186882,0,805.5311355311355,17.79,66.04962583694368,17.88
2026-05-29T15:20:23.188812,0,805.5311355311355,17.79,66.04962583694368,17.88
2026-05-29T15:20:24.190944,0,805.5311355311355,17.79,66.04962583694368,17.88
2026-05-29T15:20:25.192706,0,805.5311355311355,17.79,66.04962583694368,17.88
2026-05-29T15:20:26.194990,0,805.5311355311355,17.79,66.04962583694368,17.88
2026-05-29T15:20:27.196767,0,805.5311355311355,17.79,66.04962583694368,17.88
2026-05-29T15:20:28.198450,0,805.5311355311355,17.79,66.04962583694368,17.88
2026-05-29T15:20:29.200565,0,805.5311355311355,17.79,66.04962583694368,17.88
2026-05-29T15:20:30.202461,0,805.5311355311355,17.79,66.04962583694368,17.88
2026-05-29T15:20:31.204227,0,805.5311355311355,17.79,66.04962583694368,17.88
2026-05-29T15:20:32.206127,0,805.5311355311355,17.79,66.04962583694368,17.88
2026-05-29T15:20:33.208084,0,805.5311355311355,17.79,66.04962583694368,17.88
2026-05-29T15:20:34.209961,0,805.5311355311355,17.79,66.04962583694368,17.88
2026-05-29T15:20:35.212012,0,805.5311355311355,17.79,66.04962583694368,17.88
2026-05-29T15:20:36.213866,0,805.5311355311355,17.79,66.04962583694368,17.88
2026-05-29T15:20:37.215764,0,805.5311355311355,17.79,66.04962583694368,17.88
2026-05-29T15:20:38.217851,0,805.5311355311355,17.79,66.04962583694368,17.88
2026-05-29T15:20:39.219790,0,805.5311355311355,17.79,66.04962583694368,17.88
2026-05-29T15:20:40.221620,0,805.5311355311355,17.79,66.04962583694368,17.88
2026-05-29T15:20:41.223694,0,805.5311355311355,17.79,66.04962583694368,17.88
2026-05-29T15:20:42.225621,0,805.5311355311355,17.79,66.04962583694368,17.88
2026-05-29T15:20:43.227578,0,805.5311355311355,17.79,66.04962583694368,17.88
2026-05-29T15:20:44.229478,0,805.5311355311355,17.79,66.04962583694368,17.88
2026-05-29T15:20:45.231460,0,805.5311355311355,17.79,66.04962583694368,17.88
2026-05-29T15:20:46.233281,0,805.5311355311355,17.79,66.04962583694368,17.88
2026-05-29T15:20:47.235344,0,805.5311355311355,17.79,66.04962583694368,17.88
2026-05-29T15:20:48.237300,0,805.5311355311355,17.79,66.04962583694368,17.88
2026-05-29T15:20:49.239183,0,805.5311355311355,17.79,66.04962583694368,17.88
2026-05-29T15:20:50.241094,0,805.5311355311355,17.79,66.04962583694368,17.88
2026-05-29T15:20:51.243074,0,805.5311355311355,17.79,66.04962583694368,17.88
2026-05-29T15:20:52.245081,0,805.5311355311355,17.79,66.04962583694368,17.88
2026-05-29T15:20:53.246824,0,805.5311355311355,17.79,66.04962583694368,17.88
2026-05-29T15:20:54.248935,0,805.5311355311355,17.79,66.04962583694368,17.88
2026-05-29T15:20:55.255637,0,805.5311355311355,17.79,66.04962583694368,17.88
2026-05-29T15:20:56.257850,0,805.5311355311355,17.79,66.04962583694368,17.88
2026-05-29T15:20:57.259788,0,805.5311355311355,17.79,66.04962583694368,17.88
2026-05-29T15:20:58.261643,0,805.5311355311355,17.79,66.04962583694368,17.88
2026-05-29T15:20:59.263704,0,805.5311355311355,17.79,66.04962583694368,17.88
2026-05-29T15:21:00.265553,0,805.5311355311355,17.79,66.04962583694368,17.88
2026-05-29T15:21:01.267588,0,805.5311355311355,17.79,66.04962583694368,17.88
2026-05-29T15:21:02.269444,0,805.5311355311355,17.79,66.04962583694368,17.88
2026-05-29T15:21:03.271390,0,805.5311355311355,17.79,66.04962583694368,17.88
2026-05-29T15:21:04.273455,0,805.5311355311355,17.79,66.04962583694368,17.88
2026-05-29T15:21:05.275384,0,805.5311355311355,17.79,66.04962583694368,17.88
2026-05-29T15:21:06.277324,0,805.5311355311355,17.79,66.04962583694368,17.88
2026-05-29T15:21:07.279085,0,805.5311355311355,17.79,66.04962583694368,17.88
2026-05-29T15:21:08.281217,0,805.5311355311355,17.79,66.04962583694368,17.88
2026-05-29T15:21:09.283135,0,805.5311355311355,17.79,66.04962583694368,17.88
2026-05-29T15:21:10.285107,0,805.5311355311355,17.79,66.04962583694368,17.88
2026-05-29T15:21:11.287057,0,805.5311355311355,17.79,66.04962583694368,17.88
2026-05-29T15:21:12.289001,0,805.5311355311355,17.79,66.04962583694368,17.88
2026-05-29T15:21:13.290943,0,805.5311355311355,17.79,66.04962583694368,17.88
2026-05-29T15:21:14.292876,0,805.5311355311355,17.79,66.04962583694368,17.88
2026-05-29T15:21:15.294828,0,805.5311355311355,17.79,66.04962583694368,17.88
2026-05-29T15:21:16.296769,0,805.5311355311355,17.79,66.04962583694368,17.88
2026-05-29T15:21:17.298726,0,805.5311355311355,17.79,66.04962583694368,17.88
2026-05-29T15:21:18.300662,0,805.5311355311355,17.79,66.04962583694368,17.88
2026-05-29T15:21:19.302614,0,805.5311355311355,17.79,66.04962583694368,17.88
2026-05-29T15:21:20.304538,0,805.5311355311355,17.79,66.04962583694368,17.88
2026-05-29T15:21:21.306508,0,805.5311355311355,17.79,66.04962583694368,17.88
2026-05-29T15:21:22.308354,0,805.5311355311355,17.79,66.04962583694368,17.88
2026-05-29T15:21:23.310158,0,805.5311355311355,17.79,66.04962583694368,17.88
2026-05-29T15:21:24.312248,0,805.5311355311355,17.79,66.04962583694368,17.88
2026-05-29T15:21:25.314290,0,805.5311355311355,17.79,66.04962583694368,17.88
2026-05-29T15:21:26.316134,0,805.5311355311355,17.79,66.04962583694368,17.88
2026-05-29T15:21:27.318125,0,805.5311355311355,17.79,66.04962583694368,17.88
2026-05-29T15:21:28.319978,0,805.5311355311355,17.79,66.04962583694368,17.88
2026-05-29T15:21:29.322066,0,805.5311355311355,17.79,66.04962583694368,17.88
2026-05-29T15:21:30.324066,0,805.5311355311355,17.79,66.04962583694368,17.88
2026-05-29T15:21:31.326028,0,805.5311355311355,17.79,66.04962583694368,17.88
2026-05-29T15:21:32.327910,0,805.5311355311355,17.79,66.04962583694368,17.88
2026-05-29T15:21:33.329926,0,805.5311355311355,17.79,66.04962583694368,17.88
2026-05-29T15:21:34.331861,0,805.5311355311355,17.79,66.04962583694368,17.88
2026-05-29T15:21:35.333697,0,805.5311355311355,17.79,66.04962583694368,17.88
2026-05-29T15:21:36.335760,0,805.5311355311355,17.79,66.04962583694368,17.88
2026-05-29T15:21:37.337710,0,805.5311355311355,17.79,66.04962583694368,17.88
2026-05-29T15:21:38.339643,0,805.5311355311355,17.79,66.04962583694368,17.88
2026-05-29T15:21:39.341603,0,805.5311355311355,17.79,66.04962583694368,17.88
2026-05-29T15:21:40.343421,0,805.5311355311355,17.79,66.04962583694368,17.88
2026-05-29T15:21:41.345314,0,805.5311355311355,17.79,66.04962583694368,17.88
2026-05-29T15:21:42.347320,0,805.5311355311355,17.79,66.04962583694368,17.88
2026-05-29T15:21:43.349385,0,805.5311355311355,17.79,66.04962583694368,17.88
2026-05-29T15:21:44.351329,0,805.5311355311355,17.79,66.04962583694368,17.88
2026-05-29T15:21:45.353240,0,805.5311355311355,17.79,66.04962583694368,17.88
2026-05-29T15:21:46.355221,0,805.5311355311355,17.79,66.04962583694368,17.88
2026-05-29T15:21:47.357025,0,805.5311355311355,17.79,66.04962583694368,17.88
2026-05-29T15:21:48.359101,0,805.5311355311355,17.79,66.04962583694368,17.88
2026-05-29T15:21:49.361055,0,805.5311355311355,17.79,66.04962583694368,17.88
2026-05-29T15:21:50.362977,0,805.5311355311355,17.79,66.04962583694368,17.88
2026-05-29T15:21:51.364927,0,805.5311355311355,17.79,66.04962583694368,17.88
2026-05-29T15:21:52.366793,0,805.5311355311355,17.79,66.04962583694368,17.88
2026-05-29T15:21:53.368841,0,805.5311355311355,17.79,66.04962583694368,17.88
2026-05-29T15:21:54.370761,0,805.5311355311355,17.79,66.04962583694368,17.88
2026-05-29T15:21:55.372706,0,805.5311355311355,17.79,66.04962583694368,17.88
2026-05-29T15:21:56.374659,0,805.5311355311355,17.79,66.04962583694368,17.88
2026-05-29T15:21:57.376604,0,805.5311355311355,17.79,66.04962583694368,17.88
2026-05-29T15:21:58.378550,0,805.5311355311355,17.79,66.04962583694368,17.88
2026-05-29T15:21:59.380411,0,805.5311355311355,17.79,66.04962583694368,17.88
2026-05-29T15:22:00.382433,0,805.5311355311355,17.79,66.04962583694368,17.88
2026-05-29T15:22:01.384274,0,805.5311355311355,17.79,66.04962583694368,17.88
2026-05-29T15:22:02.386579,0,805.5311355311355,17.79,66.04962583694368,17.88
2026-05-29T15:22:03.395112,0,805.5311355311355,17.79,66.04962583694368,17.88
2026-05-29T15:22:04.397748,0,805.5311355311355,17.79,66.04962583694368,17.88
2026-05-29T15:22:05.399770,0,805.5311355311355,17.79,66.04962583694368,17.88
2026-05-29T15:22:06.402253,0,805.5311355311355,17.79,66.04962583694368,17.88
2026-05-29T15:22:07.408986,0,805.5311355311355,17.79,66.04962583694368,17.88
2026-05-29T15:22:08.420516,0,805.5311355311355,17.79,66.04962583694368,17.88
2026-05-29T15:22:09.427712,0,805.5311355311355,17.79,66.04962583694368,17.88
2026-05-29T15:22:10.431130,0,805.5311355311355,17.79,66.04962583694368,17.88
2026-05-29T15:22:11.433018,0,805.5311355311355,17.79,66.04962583694368,17.88
2026-05-29T15:22:12.435437,0,805.5311355311355,17.79,66.04962583694368,17.88
2026-05-29T15:22:13.441471,0,805.5311355311355,17.79,66.04962583694368,17.88
2026-05-29T15:22:14.451270,0,805.5311355311355,17.79,66.04962583694368,17.88
2026-05-29T15:22:15.461368,0,805.5311355311355,17.79,66.04962583694368,17.88
2026-05-29T15:22:16.471146,0,805.5311355311355,17.79,66.04962583694368,17.88
2026-05-29T15:22:17.481602,0,805.5311355311355,17.79,66.04962583694368,17.88
2026-05-29T15:22:18.483422,0,805.5311355311355,17.79,66.04962583694368,17.88
2026-05-29T15:22:19.485635,0,805.5311355311355,17.79,66.04962583694368,17.88
2026-05-29T15:22:20.487857,0,805.5311355311355,17.79,66.04962583694368,17.88
2026-05-29T15:22:21.489737,0,805.5311355311355,17.79,66.04962583694368,17.88
2026-05-29T15:22:22.492334,0,805.5311355311355,17.79,66.04962583694368,17.88
2026-05-29T15:22:23.494035,0,805.5311355311355,17.79,66.04962583694368,17.88
2026-05-29T15:22:24.496415,0,805.5311355311355,17.79,66.04962583694368,17.88
2026-05-29T15:22:25.498759,0,805.5311355311355,17.79,66.04962583694368,17.88
2026-05-29T15:22:26.500884,0,805.5311355311355,17.79,66.04962583694368,17.88
2026-05-29T15:22:27.502883,0,805.5311355311355,17.79,66.04962583694368,17.88
2026-05-29T15:22:28.504667,0,805.5311355311355,17.79,66.04962583694368,17.88
2026-05-29T15:22:29.506500,0,805.5311355311355,17.79,66.04962583694368,17.88
2026-05-29T15:22:30.508463,0,805.5311355311355,17.79,66.04962583694368,17.88
2026-05-29T15:22:31.510405,0,805.5311355311355,17.79,66.04962583694368,17.88
2026-05-29T15:22:32.512310,0,805.5311355311355,17.79,66.04962583694368,17.88
2026-05-29T15:22:33.515174,0,805.5311355311355,17.79,66.04962583694368,17.88
2026-05-29T15:22:34.518134,0,805.5311355311355,17.79,66.04962583694368,17.88
2026-05-29T15:22:35.520083,0,805.5311355311355,17.79,66.04962583694368,17.88
2026-05-29T15:22:36.522141,0,805.5311355311355,17.79,66.04962583694368,17.88
2026-05-29T15:22:37.524191,0,805.5311355311355,17.79,66.04962583694368,17.88
2026-05-29T15:22:38.526241,0,805.5311355311355,17.79,66.04962583694368,17.88
2026-05-29T15:22:39.528400,0,805.5311355311355,17.79,66.04962583694368,17.88
2026-05-29T15:22:40.530311,0,805.5311355311355,17.79,66.04962583694368,17.88
2026-05-29T15:22:41.540831,0,805.5311355311355,17.79,66.04962583694368,17.88
2026-05-29T15:22:42.542615,0,805.5311355311355,17.79,66.04962583694368,17.88
2026-05-29T15:22:43.544630,0,805.5311355311355,17.79,66.04962583694368,17.88
2026-05-29T15:22:44.546425,0,805.5311355311355,17.79,66.04962583694368,17.88
2026-05-29T15:22:45.548518,0,805.5311355311355,17.79,66.04962583694368,17.88
2026-05-29T15:22:46.550458,0,805.5311355311355,17.79,66.04962583694368,17.88
2026-05-29T15:22:47.552265,0,805.5311355311355,17.79,66.04962583694368,17.88
2026-05-29T15:22:48.554356,0,805.5311355311355,17.79,66.04962583694368,17.88
2026-05-29T15:22:49.556347,0,805.5311355311355,17.79,66.04962583694368,17.88
2026-05-29T15:22:50.558139,0,805.5311355311355,17.79,66.04962583694368,17.88
2026-05-29T15:22:51.560093,0,805.5311355311355,17.79,66.04962583694368,17.88
2026-05-29T15:22:52.562043,0,805.5311355311355,17.79,66.04962583694368,17.88
2026-05-29T15:22:53.563937,0,805.5311355311355,17.79,66.04962583694368,17.88
2026-05-29T15:22:54.566021,0,805.5311355311355,17.79,66.04962583694368,17.88
2026-05-29T15:22:55.568025,0,805.5311355311355,17.79,66.04962583694368,17.88
2026-05-29T15:22:56.570909,0,805.5311355311355,17.79,66.04962583694368,17.88
2026-05-29T15:22:57.572862,0,805.5311355311355,17.79,66.04962583694368,17.88
2026-05-29T15:22:58.574630,0,805.5311355311355,17.79,66.04962583694368,17.88
2026-05-29T15:22:59.576757,0,805.5311355311355,17.79,66.04962583694368,17.88
2026-05-29T15:23:00.578701,0,805.5311355311355,17.79,66.04962583694368,17.88
2026-05-29T15:23:01.580608,0,805.5311355311355,17.79,66.04962583694368,17.88
2026-05-29T15:23:02.582589,0,805.5311355311355,17.79,66.04962583694368,17.88
2026-05-29T15:23:03.584520,0,805.5311355311355,17.79,66.04962583694368,17.88
2026-05-29T15:23:04.586403,0,805.5311355311355,17.79,66.04962583694368,17.88
2026-05-29T15:23:05.588418,0,805.5311355311355,17.79,66.04962583694368,17.88
2026-05-29T15:23:06.590378,0,805.5311355311355,17.79,66.04962583694368,17.88
2026-05-29T15:23:07.592174,0,805.5311355311355,17.79,66.04962583694368,17.88
2026-05-29T15:23:08.594259,0,805.5311355311355,17.79,66.04962583694368,17.88
2026-05-29T15:23:09.596210,0,805.5311355311355,17.79,66.04962583694368,17.88
2026-05-29T15:23:10.597934,0,805.5311355311355,17.79,66.04962583694368,17.88
2026-05-29T15:23:11.600086,0,805.5311355311355,17.79,66.04962583694368,17.88
2026-05-29T15:23:12.602052,0,805.5311355311355,17.79,66.04962583694368,17.88
2026-05-29T15:23:13.604001,0,805.5311355311355,17.79,66.04962583694368,17.88
2026-05-29T15:23:14.605841,0,805.5311355311355,17.79,66.04962583694368,17.88
2026-05-29T15:23:15.607889,0,805.5311355311355,17.79,66.04962583694368,17.88
2026-05-29T15:23:16.609827,0,805.5311355311355,17.79,66.04962583694368,17.88
2026-05-29T15:23:17.611776,0,805.5311355311355,17.79,66.04962583694368,17.88
2026-05-29T15:23:18.613731,0,805.5311355311355,17.79,66.04962583694368,17.88
2026-05-29T15:23:19.615676,0,805.5311355311355,17.79,66.04962583694368,17.88
2026-05-29T15:23:20.617481,0,805.5311355311355,17.79,66.04962583694368,17.88
2026-05-29T15:23:21.619561,0,805.5311355311355,17.79,66.04962583694368,17.88
2026-05-29T15:23:22.621433,0,805.5311355311355,17.79,66.04962583694368,17.88
2026-05-29T15:23:23.623443,0,805.5311355311355,17.79,66.04962583694368,17.88
2026-05-29T15:23:24.625387,0,805.5311355311355,17.79,66.04962583694368,17.88
2026-05-29T15:23:25.627144,0,805.5311355311355,17.79,66.04962583694368,17.88
2026-05-29T15:23:26.629271,0,805.5311355311355,17.79,66.04962583694368,17.88
2026-05-29T15:23:27.631218,0,805.5311355311355,17.79,66.04962583694368,17.88
2026-05-29T15:23:28.633084,0,805.5311355311355,17.79,66.04962583694368,17.88
2026-05-29T15:23:29.635007,0,805.5311355311355,17.79,66.04962583694368,17.88
2026-05-29T15:23:30.637058,0,805.5311355311355,17.79,66.04962583694368,17.88
2026-05-29T15:23:31.638902,0,805.5311355311355,17.79,66.04962583694368,17.88
2026-05-29T15:23:32.640950,0,805.5311355311355,17.79,66.04962583694368,17.88
2026-05-29T15:23:33.642899,0,805.5311355311355,17.79,66.04962583694368,17.88
2026-05-29T15:23:34.644697,0,805.5311355311355,17.79,66.04962583694368,17.88
2026-05-29T15:23:35.646691,0,805.5311355311355,17.79,66.04962583694368,17.88
2026-05-29T15:23:36.648664,0,805.5311355311355,17.79,66.04962583694368,17.88
2026-05-29T15:23:37.650585,0,805.5311355311355,17.79,66.04962583694368,17.88
2026-05-29T15:23:38.652524,0,805.5311355311355,17.79,66.04962583694368,17.88
2026-05-29T15:23:39.654589,0,805.5311355311355,17.79,66.04962583694368,17.88
2026-05-29T15:23:40.656519,0,805.5311355311355,17.79,66.04962583694368,17.88
2026-05-29T15:23:41.658459,0,805.5311355311355,17.79,66.04962583694368,17.88
2026-05-29T15:23:42.660265,0,805.5311355311355,17.79,66.04962583694368,17.88
2026-05-29T15:23:43.662265,0,805.5311355311355,17.79,66.04962583694368,17.88
2026-05-29T15:23:44.664187,0,805.5311355311355,17.79,66.04962583694368,17.88
2026-05-29T15:23:45.666131,0,805.5311355311355,17.79,66.04962583694368,17.88
2026-05-29T15:23:46.668111,0,805.5311355311355,17.79,66.04962583694368,17.88
2026-05-29T15:23:47.670407,0,805.5311355311355,17.79,66.04962583694368,17.88
2026-05-29T15:23:48.673130,0,805.5311355311355,17.79,66.04962583694368,17.88
2026-05-29T15:23:49.674854,0,805.5311355311355,17.79,66.04962583694368,17.88
2026-05-29T15:23:50.676985,0,805.5311355311355,17.79,66.04962583694368,17.88
2026-05-29T15:23:51.678915,0,805.5311355311355,17.79,66.04962583694368,17.88
2026-05-29T15:23:52.680801,0,805.5311355311355,17.79,66.04962583694368,17.88
2026-05-29T15:23:53.682705,0,805.5311355311355,17.79,66.04962583694368,17.88
2026-05-29T15:23:54.684603,0,805.5311355311355,17.79,66.04962583694368,17.88
2026-05-29T15:23:55.687674,0,805.5311355311355,17.79,66.04962583694368,17.88
2026-05-29T15:23:56.689622,0,805.5311355311355,17.79,66.04962583694368,17.88
2026-05-29T15:23:57.691456,0,805.5311355311355,17.79,66.04962583694368,17.88
2026-05-29T15:23:58.693521,0,805.5311355311355,17.79,66.04962583694368,17.88
2026-05-29T15:23:59.695530,0,805.5311355311355,17.79,66.04962583694368,17.88
2026-05-29T15:24:00.697417,0,805.5311355311355,17.79,66.04962583694368,17.88
2026-05-29T15:24:01.699452,0,805.5311355311355,17.79,66.04962583694368,17.88
2026-05-29T15:24:02.701291,0,805.5311355311355,17.79,66.04962583694368,17.88
2026-05-29T15:24:03.703118,0,805.5311355311355,17.79,66.04962583694368,17.88
2026-05-29T15:24:04.705236,0,805.5311355311355,17.79,66.04962583694368,17.88
2026-05-29T15:24:05.707230,0,805.5311355311355,17.79,66.04962583694368,17.88
2026-05-29T15:24:06.709027,0,805.5311355311355,17.79,66.04962583694368,17.88
2026-05-29T15:24:07.711124,0,805.5311355311355,17.79,66.04962583694368,17.88
2026-05-29T15:24:08.713037,0,805.5311355311355,17.79,66.04962583694368,17.88
2026-05-29T15:24:09.714916,0,805.5311355311355,17.79,66.04962583694368,17.88
2026-05-29T15:24:10.716959,0,805.5311355311355,17.79,66.04962583694368,17.88
2026-05-29T15:24:11.718873,0,805.5311355311355,17.79,66.04962583694368,17.88
2026-05-29T15:24:12.720821,0,805.5311355311355,17.79,66.04962583694368,17.88
2026-05-29T15:24:13.722695,0,805.5311355311355,17.79,66.04962583694368,17.88
2026-05-29T15:24:14.724758,0,805.5311355311355,17.79,66.04962583694368,17.88
2026-05-29T15:24:15.726649,0,805.5311355311355,17.79,66.04962583694368,17.88
2026-05-29T15:24:16.728633,0,805.5311355311355,17.79,66.04962583694368,17.88
2026-05-29T15:24:17.730478,0,805.5311355311355,17.79,66.04962583694368,17.88
2026-05-29T15:24:18.732450,0,805.5311355311355,17.79,66.04962583694368,17.88
2026-05-29T15:24:19.734425,0,805.5311355311355,17.79,66.04962583694368,17.88
2026-05-29T15:24:20.736396,0,805.5311355311355,17.79,66.04962583694368,17.88
2026-05-29T15:24:21.738173,0,805.5311355311355,17.79,66.04962583694368,17.88
2026-05-29T15:24:22.740311,0,805.5311355311355,17.79,66.04962583694368,17.88
2026-05-29T15:24:23.742244,0,805.5311355311355,17.79,66.04962583694368,17.88
2026-05-29T15:24:24.744204,0,805.5311355311355,17.79,66.04962583694368,17.88
2026-05-29T15:24:25.745916,0,805.5311355311355,17.79,66.04962583694368,17.88
2026-05-29T15:24:26.749042,0,805.5311355311355,17.79,66.04962583694368,17.88
2026-05-29T15:24:27.751025,0,805.5311355311355,17.79,66.04962583694368,17.88
2026-05-29T15:24:28.752786,0,805.5311355311355,17.79,66.04962583694368,17.88
2026-05-29T15:24:29.754904,0,805.5311355311355,17.79,66.04962583694368,17.88
2026-05-29T15:24:30.756861,0,805.5311355311355,17.79,66.04962583694368,17.88
2026-05-29T15:24:31.759776,0,805.5311355311355,17.79,66.04962583694368,17.88
2026-05-29T15:24:32.761756,0,805.5311355311355,17.79,66.04962583694368,17.88
2026-05-29T15:24:33.763514,0,805.5311355311355,17.79,66.04962583694368,17.88
2026-05-29T15:24:34.765527,0,805.5311355311355,17.79,66.04962583694368,17.88
2026-05-29T15:24:35.768582,0,805.5311355311355,17.79,66.04962583694368,17.88
2026-05-29T15:24:36.770538,0,805.5311355311355,17.79,66.04962583694368,17.88
2026-05-29T15:24:37.772470,0,805.5311355311355,17.79,66.04962583694368,17.88
2026-05-29T15:24:38.774436,0,805.5311355311355,17.79,66.04962583694368,17.88
2026-05-29T15:24:39.776246,0,805.5311355311355,17.79,66.04962583694368,17.88
2026-05-29T15:24:40.778280,0,805.5311355311355,17.79,66.04962583694368,17.88
2026-05-29T15:24:41.780221,0,805.5311355311355,17.79,66.04962583694368,17.88
2026-05-29T15:24:42.782158,0,805.5311355311355,17.79,66.04962583694368,17.88
2026-05-29T15:24:43.784209,0,805.5311355311355,17.79,66.04962583694368,17.88
2026-05-29T15:24:44.786094,0,805.5311355311355,17.79,66.04962583694368,17.88
2026-05-29T15:24:45.788085,0,805.5311355311355,17.79,66.04962583694368,17.88
2026-05-29T15:24:46.789825,0,805.5311355311355,17.79,66.04962583694368,17.88
2026-05-29T15:24:47.791970,0,805.5311355311355,17.79,66.04962583694368,17.88
2026-05-29T15:24:48.793859,0,805.5311355311355,17.79,66.04962583694368,17.88
2026-05-29T15:24:49.795873,0,805.5311355311355,17.79,66.04962583694368,17.88
2026-05-29T15:24:50.797832,0,805.5311355311355,17.79,66.04962583694368,17.88
2026-05-29T15:24:51.799598,0,805.5311355311355,17.79,66.04962583694368,17.88
2026-05-29T15:24:52.801683,0,805.5311355311355,17.79,66.04962583694368,17.88
2026-05-29T15:24:53.803657,0,805.5311355311355,17.79,66.04962583694368,17.88
2026-05-29T15:24:54.805610,0,805.5311355311355,17.79,66.04962583694368,17.88
2026-05-29T15:24:55.807548,0,805.5311355311355,17.79,66.04962583694368,17.88
2026-05-29T15:24:56.809404,0,805.5311355311355,17.79,66.04962583694368,17.88
2026-05-29T15:24:57.811472,0,805.5311355311355,17.79,66.04962583694368,17.88
2026-05-29T15:24:58.813220,0,805.5311355311355,17.79,66.04962583694368,17.88
2026-05-29T15:24:59.815341,0,805.5311355311355,17.79,66.04962583694368,17.88
2026-05-29T15:25:00.822878,0,805.5311355311355,17.79,66.04962583694368,17.88
2026-05-29T15:25:01.827345,0,805.5311355311355,17.79,66.04962583694368,17.88
2026-05-29T15:25:02.829977,0,805.5311355311355,17.79,66.04962583694368,17.88
2026-05-29T15:25:03.832087,0,805.5311355311355,17.79,66.04962583694368,17.88
2026-05-29T15:25:04.835392,0,805.5311355311355,17.79,66.04962583694368,17.88
2026-05-29T15:25:05.837797,0,805.5311355311355,17.79,66.04962583694368,17.88
2026-05-29T15:25:06.878530,0,805.5311355311355,17.79,66.04962583694368,17.88
2026-05-29T15:25:07.947802,0,805.5311355311355,17.79,66.04962583694368,17.88
2026-05-29T15:25:08.950393,0,805.5311355311355,17.79,66.04962583694368,17.88
2026-05-29T15:25:09.952288,0,805.5311355311355,17.79,66.04962583694368,17.88
2026-05-29T15:25:10.956960,0,805.5311355311355,17.79,66.04962583694368,17.88
2026-05-29T15:25:11.958738,0,805.5311355311355,17.79,66.04962583694368,17.88
2026-05-29T15:25:12.960540,0,805.5311355311355,17.79,66.04962583694368,17.88
2026-05-29T15:25:13.963015,0,805.5311355311355,17.79,66.04962583694368,17.88
2026-05-29T15:25:14.965018,0,805.5311355311355,17.79,66.04962583694368,17.88
2026-05-29T15:25:15.966908,0,805.5311355311355,17.79,66.04962583694368,17.88
2026-05-29T15:25:16.969541,0,805.5311355311355,17.79,66.04962583694368,17.88
2026-05-29T15:25:17.971662,0,805.5311355311355,17.79,66.04962583694368,17.88
2026-05-29T15:25:18.973268,0,805.5311355311355,17.79,66.04962583694368,17.88
2026-05-29T15:25:19.975972,0,805.5311355311355,17.79,66.04962583694368,17.88
2026-05-29T15:25:21.045711,0,805.5311355311355,17.79,66.04962583694368,17.88
2026-05-29T15:25:22.155858,0,805.5311355311355,17.79,66.04962583694368,17.88
2026-05-29T15:25:23.158700,0,805.5311355311355,17.79,66.04962583694368,17.88
2026-05-29T15:25:24.169330,0,805.5311355311355,17.79,66.04962583694368,17.88
2026-05-29T15:25:25.189441,0,805.5311355311355,17.79,66.04962583694368,17.88
2026-05-29T15:25:26.191449,0,805.5311355311355,17.79,66.04962583694368,17.88
2026-05-29T15:25:27.193677,0,805.5311355311355,17.79,66.04962583694368,17.88
2026-05-29T15:25:28.195347,0,805.5311355311355,17.79,66.04962583694368,17.88
2026-05-29T15:25:29.197972,0,805.5311355311355,17.79,66.04962583694368,17.88
2026-05-29T15:25:30.201154,0,805.5311355311355,17.79,66.04962583694368,17.88
2026-05-29T15:25:31.206467,0,805.5311355311355,17.79,66.04962583694368,17.88
2026-05-29T15:25:32.208932,0,805.5311355311355,17.79,66.04962583694368,17.88
2026-05-29T15:25:33.211340,0,805.5311355311355,17.79,66.04962583694368,17.88
2026-05-29T15:25:34.213385,0,805.5311355311355,17.79,66.04962583694368,17.88
2026-05-29T15:25:35.215755,0,805.5311355311355,17.79,66.04962583694368,17.88
2026-05-29T15:25:36.218389,0,805.5311355311355,17.79,66.04962583694368,17.88
2026-05-29T15:25:37.221833,0,805.5311355311355,17.79,66.04962583694368,17.88
2026-05-29T15:25:38.224096,0,805.5311355311355,17.79,66.04962583694368,17.88
2026-05-29T15:25:39.231692,0,805.5311355311355,17.79,66.04962583694368,17.88
2026-05-29T15:25:40.240406,0,805.5311355311355,17.79,66.04962583694368,17.88
2026-05-29T15:25:41.242545,0,805.5311355311355,17.79,66.04962583694368,17.88
2026-05-29T15:25:42.245196,0,805.5311355311355,17.79,66.04962583694368,17.88
2026-05-29T15:25:43.247430,0,805.5311355311355,17.79,66.04962583694368,17.88
2026-05-29T15:25:44.250309,0,805.5311355311355,17.79,66.04962583694368,17.88
2026-05-29T15:25:45.253170,0,805.5311355311355,17.79,66.04962583694368,17.88
2026-05-29T15:25:46.255429,0,805.5311355311355,17.79,66.04962583694368,17.88
2026-05-29T15:25:47.257332,0,805.5311355311355,17.79,66.04962583694368,17.88
2026-05-29T15:25:48.259016,0,805.5311355311355,17.79,66.04962583694368,17.88
2026-05-29T15:25:49.265796,0,805.5311355311355,17.79,66.04962583694368,17.88
2026-05-29T15:25:50.268021,0,805.5311355311355,17.79,66.04962583694368,17.88
